PostLink;PostTürü;BeğeniSayısı;YorumSayısı;Görüntülenme Sayısı;Tarih;DisplayPhoto;Caption;Takipçi
https://www.instagram.com/p/DRce0qMiDRm/;Reels;1004;8;36621;24.11.2025 18:57;https://scontent.cdninstagram.com/v/t51.71878-15/588622349_1153366040319237_8031069608161593927_n.jpg?stp=dst-jpg_e15_tt6&_nc_cat=103&ig_cache_key=Mzc3MzAyNjE0Nzk0NTE2NTkyNg%3D%3D.3-ccb7-5&ccb=7-5&_nc_sid=58cdad&efg=eyJ2ZW5jb2RlX3RhZyI6InhwaWRzLjY0MHgzNjAuc2RyLkMzIn0%3D&_nc_ohc=txYFWoVjgBkQ7kNvwEOHhFA&_nc_oc=AdkVJ7yMKdo6tPKPwmPLBPBL1DLxUrsUga79Zg5e6K_J1ZGOHSy5axarQprXSfL38Ag&_nc_ad=z-m&_nc_cid=0&_nc_zt=23&_nc_ht=scontent.cdninstagram.com&_nc_gid=UjzHVfs5Krk8hNUlHSZjCg&oh=00_AfjyL0mo3RoSLI6Vg_V3zzb7vH-60EM1J8V2jRj0TMEH6A&oe=692A81F5;Gününüz kutlu olsun, hakkınız ödenmez!;144417
https://www.instagram.com/p/DRcTipECPne/;Carousel;359;1;0;24.11.2025 17:17;https://scontent.cdninstagram.com/v/t51.82787-15/586669383_18538473655037474_5026353883852901365_n.jpg?stp=dst-jpg_e35_tt6&_nc_cat=107&ig_cache_key=Mzc3Mjk3NjUxNjIyNTg0NzE1NA%3D%3D.3-ccb7-5&ccb=7-5&_nc_sid=58cdad&efg=eyJ2ZW5jb2RlX3RhZyI6InhwaWRzLjE0NDB4OTYwLnNkci5DMyJ9&_nc_ohc=clMD5zDwuHgQ7kNvwGwX4Re&_nc_oc=AdnvEMKjXvXc-yuIFA4Z2Ghifra-EhKHaYVYAUCQuioUmlRCfhjRd-vQPgC1EyD9NyE&_nc_ad=z-m&_nc_cid=0&_nc_zt=23&_nc_ht=scontent.cdninstagram.com&_nc_gid=UjzHVfs5Krk8hNUlHSZjCg&oh=00_AfiqH5lrnKFrd4F9rp8tOBZTmgOY3yYzcCP7r-aS-ZiEwA&oe=692AA6FC;Cumhuriyet Halk Partisi İhsaniye İlçe Başkanımız Muhammed Türkmenoğlu ve Yönetim Kurulu Üyeleri ile görüş alışverişinde bulunduk.;
https://www.instagram.com/p/DRcOD7PiLaG/;Photo;628;3;0;24.11.2025 16:30;https://scontent.cdninstagram.com/v/t51.82787-15/586707777_18538467427037474_8135869756818112495_n.jpg?stp=dst-jpg_e35_tt6&_nc_cat=110&ig_cache_key=Mzc3Mjk1MjQzMDI1MDYwNDE2Ng%3D%3D.3-ccb7-5&ccb=7-5&_nc_sid=58cdad&efg=eyJ2ZW5jb2RlX3RhZyI6InhwaWRzLjE0NDB4OTYwLnNkci5DMyJ9&_nc_ohc=i0gR5Jum3Q0Q7kNvwGytI4i&_nc_oc=AdkKp9oKIVYUkgv0ekzRl5qn0LwcBaYMll3oDBcR6W2UME8xTuJcjLGCWZIXYKH34gU&_nc_ad=z-m&_nc_cid=0&_nc_zt=23&_nc_ht=scontent.cdninstagram.com&_nc_gid=UjzHVfs5Krk8hNUlHSZjCg&oh=00_AfiCO7MbkNxObvP-DbtyXdAaxtV6io4oX-HAeMG1n3YpMw&oe=692A7E62;Denizbank Afyonkarahisar Kocatepe Şube Müdürü Emre Saçlı ve KOBİ Portföy Yöneticisi Betül Arı ile görüş alışverişinde bulunduk.;
https://www.instagram.com/p/DRcIvyACDke/;Photo;342;2;0;24.11.2025 15:43;https://scontent.cdninstagram.com/v/t51.82787-15/584521272_18538461394037474_2352659704745000488_n.jpg?stp=dst-jpg_e35_tt6&_nc_cat=110&ig_cache_key=Mzc3MjkyOTA1NTcwNDc1ODU1OA%3D%3D.3-ccb7-5&ccb=7-5&_nc_sid=58cdad&efg=eyJ2ZW5jb2RlX3RhZyI6InhwaWRzLjE0NDB4OTYwLnNkci5DMyJ9&_nc_ohc=hUWIxZaPs-8Q7kNvwH3Rhcl&_nc_oc=AdlEYTkVlRb2QRqqRex1kLQBAc6ywlfr44uV77yCGFfcT6WAS_rG0ksoovQk0UQ9IkQ&_nc_ad=z-m&_nc_cid=0&_nc_zt=23&_nc_ht=scontent.cdninstagram.com&_nc_gid=UjzHVfs5Krk8hNUlHSZjCg&oh=00_AfgOJyjWVWsWX7SCCon0HKD60SuKpafDl1nuG1tFus9jMQ&oe=692A8BB5;TMMOB Makina Mühendisleri Odası Eskişehir Şube Başkanı Nezihe Hanecioğlu, Afyonkarahisar İl Temsilcisi Yüksel Mahir Burhan ve beraberindeki heyet ile görüş alışverişinde bulunduk.;
https://www.instagram.com/p/DRb-K_dCOO6/;Carousel;1283;7;0;24.11.2025 14:11;https://scontent.cdninstagram.com/v/t51.82787-15/586976617_18538450543037474_3344267278434245500_n.jpg?stp=dst-jpg_e35_tt6&_nc_cat=111&ig_cache_key=Mzc3Mjg4MjUyOTI4ODczMjcwMA%3D%3D.3-ccb7-5&ccb=7-5&_nc_sid=58cdad&efg=eyJ2ZW5jb2RlX3RhZyI6InhwaWRzLjE0NDB4OTYwLnNkci5DMyJ9&_nc_ohc=aJZguP3_W8sQ7kNvwEMb3R7&_nc_oc=AdmmDDhcdIa8hmaB_cWdsoErQ2ap1ONLgrSN5QopzfPHjoHqPc3nf2mltdftnp9HPyg&_nc_ad=z-m&_nc_cid=0&_nc_zt=23&_nc_ht=scontent.cdninstagram.com&_nc_gid=UjzHVfs5Krk8hNUlHSZjCg&oh=00_AfhGwVk2s3MMBBcxroaZO53MeK84qFJApvcXlz0Z6Kr0_w&oe=692A987F;"Zaferin Çocukları Gündüz Bakımevimizde görev yapan kıymetli öğretmenlerimizin 24 Kasım Öğretmenler Günü’nü kutladık. Geleceğimizin teminatı olan çocuklarımızı sevgiyle, sabırla ve özveriyle yetiştiren her bir öğretmenimize minnettarım. Başöğretmenimiz Gazi Mustafa Kemal Atatürk’ün izinde; Cumhuriyetimizin değerlerini yarınlara taşıyan tüm öğretmenlerimize saygı, sevgi ve teşekkürlerimle… İyi ki varsınız.";
https://www.instagram.com/p/DRbZVYdiNj7/;Photo;1618;18;0;24.11.2025 08:49;https://scontent.cdninstagram.com/v/t51.82787-15/587269090_18538420666037474_782781930647569924_n.jpg?stp=dst-jpg_e35_tt6&_nc_cat=110&ig_cache_key=Mzc3MjcyMDUzMzM5MDAyMjkwNw%3D%3D.3-ccb7-5&ccb=7-5&_nc_sid=58cdad&efg=eyJ2ZW5jb2RlX3RhZyI6InhwaWRzLjE0NDB4MTczMC5zZHIuQzMifQ%3D%3D&_nc_ohc=xjeLraDtSFIQ7kNvwGElEUz&_nc_oc=AdlKJblGlNYW1zaa9J6U3NEfRL_PUs1m9054oI87SkM2ENGpNj2HS-etX7hthMCnPVY&_nc_ad=z-m&_nc_cid=0&_nc_zt=23&_nc_ht=scontent.cdninstagram.com&_nc_gid=UjzHVfs5Krk8hNUlHSZjCg&oh=00_AfjqK28b3e-DI8MKisgwbnQOL2yD4yqDkBa2LRFlM1lTJQ&oe=692A8A7D;"Bugün, fikri hür, vicdanı hür nesiller yetiştiren tüm öğretmenlerimizin günüdür. Başöğretmenimiz Gazi Mustafa Kemal Atatürk’ün izinde; çocuklarımıza ışık olan, ülkemizin geleceğini sevgiyle ve emekle şekillendiren tüm öğretmenlerimizin 24 Kasım Öğretmenler Günü’nü yürekten kutluyorum.";
https://www.instagram.com/p/DRXTGDbCDXh/;Carousel;1154;10;0;22.11.2025 18:37;https://scontent.cdninstagram.com/v/t51.82787-15/584843204_18538161025037474_1131847052016106230_n.jpg?stp=dst-jpg_e35_tt6&_nc_cat=109&ig_cache_key=Mzc3MTU2NzE3MTU1NDU2OTUxOQ%3D%3D.3-ccb7-5&ccb=7-5&_nc_sid=58cdad&efg=eyJ2ZW5jb2RlX3RhZyI6InhwaWRzLjE0NDB4OTYwLnNkci5DMyJ9&_nc_ohc=vLcOySU8HOsQ7kNvwGui6f0&_nc_oc=AdkXNdyW1IhlgEtu19aiCjj4hsiwGYzyhrjvwXSnp-2wxoh638CGFvf1uuZu15Jiams&_nc_ad=z-m&_nc_cid=0&_nc_zt=23&_nc_ht=scontent.cdninstagram.com&_nc_gid=UjzHVfs5Krk8hNUlHSZjCg&oh=00_AfizZoPtHTZfZ_BeYpX19Dsg_C85zy3BvLPRiaU5F9UTtQ&oe=692A85C7;TVF Arabica Coffee House Kadınlar Voleybol 1. Ligi’nde mücadele eden Afyon Belediye Yüntaş Voleybol takımımız, Muratpaşa Belediye Açı Koleji’ni 3-0 mağlup etti. 💜🤍 Tebrikler Zaferin Sultanları! 🏐;
https://www.instagram.com/p/DRUtYd7iNzA/;Photo;534;5;0;21.11.2025 18:29;https://scontent.cdninstagram.com/v/t51.82787-15/587015058_18538001839037474_3486976720640709575_n.jpg?stp=dst-jpg_e35_tt6&_nc_cat=104&ig_cache_key=Mzc3MDgzODM4MTUxMzcyNzE2OA%3D%3D.3-ccb7-5&ccb=7-5&_nc_sid=58cdad&efg=eyJ2ZW5jb2RlX3RhZyI6InhwaWRzLjE0NDB4OTYwLnNkci5DMyJ9&_nc_ohc=L58ats_8D7AQ7kNvwHlQGjn&_nc_oc=Adk_8MDLMvWojA5mHXlTS4xLGXSZDmzZ9A0Smv7DzM1QCATSiOgLO9-_g6zyh29Cv24&_nc_ad=z-m&_nc_cid=0&_nc_zt=23&_nc_ht=scontent.cdninstagram.com&_nc_gid=UjzHVfs5Krk8hNUlHSZjCg&oh=00_AfhSZe_O1K9TEfdIRUwcsOJtH9CeLL52AlgjtZjmcgclyw&oe=692A8FAA;Madeni Sanatkarlar Odası Başkanı Mustafa Yılmazaslan ve Yönetim Kurulu Üyeleri ile görüş alışverişinde bulunduk.;
https://www.instagram.com/p/DRUk5AviGHy/;Photo;498;0;0;21.11.2025 17:15;https://scontent.cdninstagram.com/v/t51.82787-15/587212456_18537991294037474_5496552822678280801_n.jpg?stp=dst-jpg_e35_tt6&_nc_cat=111&ig_cache_key=Mzc3MDgwMTAzNTQ5Nzk4ODU5NA%3D%3D.3-ccb7-5&ccb=7-5&_nc_sid=58cdad&efg=eyJ2ZW5jb2RlX3RhZyI6InhwaWRzLjE0NDB4OTYwLnNkci5DMyJ9&_nc_ohc=Mw1CfY94tbUQ7kNvwHJRkF3&_nc_oc=Admq-yZRs5tPr2EzbzrxoBrNsleUfvEuCGP5n7UPIfug8gggYCeGwvv_Ij1fZ1imqfE&_nc_ad=z-m&_nc_cid=0&_nc_zt=23&_nc_ht=scontent.cdninstagram.com&_nc_gid=UjzHVfs5Krk8hNUlHSZjCg&oh=00_AfiKUCWKR_10B6pFR8GSqCsxUFgH3Qdl7MkfTUKCAv7ByQ&oe=692A9748;Afyon Amatör Spor Kulüpleri Federasyonu Başkanı Alişan Akgün ve Yönetim Kurulu Üyeleri ile görüş alışverişinde bulunduk.;
https://www.instagram.com/p/DRUfXWqCCh2/;Photo;624;1;0;21.11.2025 16:27;https://scontent.cdninstagram.com/v/t51.82787-15/584156222_18537984880037474_7911432630169651025_n.jpg?stp=dst-jpg_e35_tt6&_nc_cat=102&ig_cache_key=Mzc3MDc3NjczMjMzMzI1NDc3NA%3D%3D.3-ccb7-5&ccb=7-5&_nc_sid=58cdad&efg=eyJ2ZW5jb2RlX3RhZyI6InhwaWRzLjE0NDB4OTYwLnNkci5DMyJ9&_nc_ohc=QUvhN6uYjNYQ7kNvwF_YB2W&_nc_oc=AdnwBqoQsXOLMpOgklrxIcz32cUv2-yobbT-UMIiCm1vwhwBeISLSWTOGcCaNbheKz4&_nc_ad=z-m&_nc_cid=0&_nc_zt=23&_nc_ht=scontent.cdninstagram.com&_nc_gid=UjzHVfs5Krk8hNUlHSZjCg&oh=00_Afhx85C6Y3f7mggKMYiqOWobzXewEgOsYi0LKE-0ZQ4Unw&oe=692A8800;Turkuvaz Medya Grubu Yazılı Basın Reklam Genel Müdürü ve İcra Kurulu Üyesi Ceyda Uzman, Yazılı Medya Genel Müdür Yardımcısı Sedat Acet, Yeni Asır Gazetesi Genel Yayın Yönetmeni Ercan Demir ve Afyon Basın Cemiyeti Başkanı Hakan Dilek ile görüş alışverişinde bulunduk.;
https://www.instagram.com/p/DRSQx4ZCIEC/;Carousel;1421;8;0;20.11.2025 19:41;https://scontent.cdninstagram.com/v/t51.82787-15/587292288_18537859609037474_1072403907634731360_n.jpg?stp=dst-jpg_e35_tt6&_nc_cat=109&ig_cache_key=Mzc3MDE0OTYxMjkwOTI0NDQ2OQ%3D%3D.3-ccb7-5&ccb=7-5&_nc_sid=58cdad&efg=eyJ2ZW5jb2RlX3RhZyI6InhwaWRzLjE0NDB4OTYwLnNkci5DMyJ9&_nc_ohc=beSif5natfUQ7kNvwH6uwLv&_nc_oc=Adn3Wrj-LCOWTe58JP3wRi_HuVDyBKeiZZrlxED22HWMz9Kfb8naLLSp9pu2ICkFDZI&_nc_ad=z-m&_nc_cid=0&_nc_zt=23&_nc_ht=scontent.cdninstagram.com&_nc_gid=UjzHVfs5Krk8hNUlHSZjCg&oh=00_AfiGZwxvKBPLOHChkQkiB4TUVXpnDWo38mJ6CocJk_KTXA&oe=692A8375;Şehit Murat Birlik Parkımızdaki yenileme çalışmalarını yerinde inceledik. Hemşehrilerimizin keyifle vakit geçirebileceği, çocuklarımızın güvenle oynayabileceği bir ortam için düzenlemeleri değerlendirdik.;
https://www.instagram.com/p/DRSJBOKCE1X/;Carousel;972;1;0;20.11.2025 18:33;https://scontent.cdninstagram.com/v/t51.82787-15/586763216_18537850819037474_453262570146159863_n.jpg?stp=dst-jpg_e35_tt6&_nc_cat=104&ig_cache_key=Mzc3MDExNTQ4Njg3NzUzNTM2Mg%3D%3D.3-ccb7-5&ccb=7-5&_nc_sid=58cdad&efg=eyJ2ZW5jb2RlX3RhZyI6InhwaWRzLjE0NDB4OTYwLnNkci5DMyJ9&_nc_ohc=wWzwAkZeWacQ7kNvwFTJarU&_nc_oc=Adn7Sj7R2liW7a6rX2kcd46Sb0MUx28A76ro865k4byP_fax3RmItv7ZLmkOQmq_mEQ&_nc_ad=z-m&_nc_cid=0&_nc_zt=23&_nc_ht=scontent.cdninstagram.com&_nc_gid=UjzHVfs5Krk8hNUlHSZjCg&oh=00_Afiml4MmnCl7GPUXt5sMVndcYu619w4CAFtYFt6D0XcFPQ&oe=692AA743;Gündüz Bakımevi ve Bilgi Evi olarak hizmet verecek olan Afyonkarahisar Belediyesi Yumlu Sosyal Tesisimizle ilgili çalışmaları yerinde inceledik.  Çocuklarımızın eğitimine, ailelerimizin yaşamına değer katacağımız projelerimizi gerçekleştirmeye devam edeceğiz.;
https://www.instagram.com/p/DRR85qpiDHe/;Carousel;1550;20;0;20.11.2025 16:47;https://scontent.cdninstagram.com/v/t51.82787-15/587381286_18537836584037474_3424089309011565408_n.jpg?stp=dst-jpg_e35_tt6&_nc_cat=109&ig_cache_key=Mzc3MDA2MjE4Nzg4NTI3MTczMw%3D%3D.3-ccb7-5&ccb=7-5&_nc_sid=58cdad&efg=eyJ2ZW5jb2RlX3RhZyI6InhwaWRzLjE0NDB4OTYwLnNkci5DMyJ9&_nc_ohc=vJcHD5-b5I8Q7kNvwGUsoW3&_nc_oc=AdlBUDifviI0e17YCumEU4cT00zjfCQHSsckiWdRDfHNmYdDiMmKAO_n2Z90twBDaHI&_nc_ad=z-m&_nc_cid=1161&_nc_zt=23&_nc_ht=scontent.cdninstagram.com&_nc_gid=HCvPuYAlThwMWG3aIELiLw&oh=00_Afg9JE0buwjqVzCx-fq1vfxOZUN5M1O1-rbQJyJXYRYZ-Q&oe=692A98A9;Şehrimizin trafik yükünü azaltmak ve ulaşımı daha güvenli hale getirmek amacıyla yürüttüğümüz ‘Hamburger Kavşak’ düzenleme çalışmalarını yerinde inceledik. En kısa zamanda ulaşıma açacağımız kavşağımızla bölgede trafik akışının rahatlamasını hedefliyoruz.;
https://www.instagram.com/p/DRR3R7HiPja/;Carousel;1134;3;0;20.11.2025 15:58;https://scontent.cdninstagram.com/v/t51.82787-15/586974297_18537830215037474_3661815157993588335_n.jpg?stp=dst-jpg_e35_tt6&_nc_cat=105&ig_cache_key=Mzc3MDAzNzQ2NzY1NTc1Njc4OQ%3D%3D.3-ccb7-5&ccb=7-5&_nc_sid=58cdad&efg=eyJ2ZW5jb2RlX3RhZyI6InhwaWRzLjE0NDB4OTU5LnNkci5DMyJ9&_nc_ohc=WXy0OKXwGNEQ7kNvwH6__fg&_nc_oc=AdnXQXP91cZu1MpfO6PQioAu7xT8xbMojuV8XlG4pwKxat8Cz2cLLkllipFtUxexkbY&_nc_ad=z-m&_nc_cid=1161&_nc_zt=23&_nc_ht=scontent.cdninstagram.com&_nc_gid=HCvPuYAlThwMWG3aIELiLw&oh=00_AfhdVLUrsXHXWI-TBmTO2PUtYYdTLzi9h5XnhZZd6QdF0w&oe=692AA321;Merve Çalmaz ve Ahmet Mücahit Narcı çiftinin nikah akdini şahitler ve aileler huzurunda gerçekleştirdik.  Genç çiftimizi tebrik eder, ömür boyu mutluluklar dilerim.;
https://www.instagram.com/p/DRRsMnTCOnd/;Photo;603;4;0;20.11.2025 14:21;https://scontent.cdninstagram.com/v/t51.82787-15/586680223_18537819691037474_605282377846539391_n.jpg?stp=dst-jpg_e35_tt6&_nc_cat=110&ig_cache_key=Mzc2OTk4ODc0Mzk2MTMwNzYxMw%3D%3D.3-ccb7-5&ccb=7-5&_nc_sid=58cdad&efg=eyJ2ZW5jb2RlX3RhZyI6InhwaWRzLjE0NDB4OTYwLnNkci5DMyJ9&_nc_ohc=VVNuGNfq4GUQ7kNvwH-lBNm&_nc_oc=Adl0G4sRvLniUeOgd0nBRTAgEdOZTpd_BANNRfc2ljVeZKBxLWdukbQAIhttahboQHQ&_nc_ad=z-m&_nc_cid=1161&_nc_zt=23&_nc_ht=scontent.cdninstagram.com&_nc_gid=HCvPuYAlThwMWG3aIELiLw&oh=00_AfhahjpeFZWHJCBaX90e-J4mz88PajTd957wLr-Xdvl-Bg&oe=692A982F;İller Bankası Mekansal Daire Başkanı Ahmet Avşar Şimşek, Eskişehir Bölge Müdürü Meral Emel ve beraberindeki heyet ile Afyonkarahisarımızın ulaşım planı, imar planı revizyonları ve mikro bölgeleme çalışmaları üzerine görüş alışverişinde bulunduk.;
https://www.instagram.com/p/DRRHqKaiGR6/;Photo;667;2;0;20.11.2025 09:02;https://scontent.cdninstagram.com/v/t51.82787-15/583891411_18537794188037474_7276545039187641688_n.jpg?stp=dst-jpg_e35_tt6&_nc_cat=101&ig_cache_key=Mzc2OTgyODA0NjgxMTk4MDkyMg%3D%3D.3-ccb7-5&ccb=7-5&_nc_sid=58cdad&efg=eyJ2ZW5jb2RlX3RhZyI6InhwaWRzLjE0NDB4MTczMC5zZHIuQzMifQ%3D%3D&_nc_ohc=e18t_wVPqPwQ7kNvwFHGZM2&_nc_oc=AdmuTSVeHehHa7MP5tFRZ5gd2Vj9vy8aB8pmBIWHOWCm46fN-CL8_tIkwqLkJKnqNpY&_nc_ad=z-m&_nc_cid=1161&_nc_zt=23&_nc_ht=scontent.cdninstagram.com&_nc_gid=HCvPuYAlThwMWG3aIELiLw&oh=00_AfiBpAHMgt81A3TLeqix7Ea_85JqYCvFLpI6n_wL8CERHg&oe=692A92D1;Çocuklarımızın gülümsemesi, geleceğe dair en büyük umudumuz. Her çocuğumuzun güvenle, sevgiyle ve eşit imkanlarla büyümesi için çalışmaya devam edeceğiz. Tüm çocuklarımızın 20 Kasım Dünya Çocuk Hakları Günü’nü yürekten kutluyorum.;
https://www.instagram.com/p/DRQCdb2AO7u/;Photo;4316;125;0;19.11.2025 22:57;https://scontent.cdninstagram.com/v/t51.82787-15/584176901_18537740134037474_4699651583784596163_n.jpg?stp=dst-jpg_e35_tt6&_nc_cat=105&ig_cache_key=Mzc2OTUyMzcwNjk2NDAxMjc4Mg%3D%3D.3-ccb7-5&ccb=7-5&_nc_sid=58cdad&efg=eyJ2ZW5jb2RlX3RhZyI6InhwaWRzLjE0NDB4ODEzLnNkci5DMyJ9&_nc_ohc=Oe5ZAsLf2fgQ7kNvwEB792y&_nc_oc=AdlfXKBMNU4vmiZHXa7-KsVZ5RgjGgjxzjQvw3QPtUF1ld2rfk1N0VBleOVlFHPGKTI&_nc_ad=z-m&_nc_cid=1161&_nc_zt=23&_nc_ht=scontent.cdninstagram.com&_nc_gid=HCvPuYAlThwMWG3aIELiLw&oh=00_Afg1pR18OpNYTVESO2Oo2JWLFS4bRTcpjWwq-8gPqqqJrw&oe=692A983D;Sizinle geçen yıllarımı çok özledim. Mekanınız cennet olsun…;
https://www.instagram.com/p/DROwJ4FAHk2/;Reels;536;3;51238;19.11.2025 10:59;https://scontent.cdninstagram.com/v/t51.71878-15/586681349_1468344747595400_1512732472196809522_n.jpg?stp=dst-jpg_e15_tt6&_nc_cat=103&ig_cache_key=Mzc2OTE2MTcyMzA3Njk2NjcxMA%3D%3D.3-ccb7-5&ccb=7-5&_nc_sid=58cdad&efg=eyJ2ZW5jb2RlX3RhZyI6InhwaWRzLjY0MHgzNjAuc2RyLkMzIn0%3D&_nc_ohc=fckmKH9hvw0Q7kNvwGcnX2d&_nc_oc=AdlXtXNqJ2w3zY9n1Od_I6Sg-eNDbnRaPMa6Zc1wdnvpucKT0W_R8pSYYU1kvfNOSxo&_nc_ad=z-m&_nc_cid=1161&_nc_zt=23&_nc_ht=scontent.cdninstagram.com&_nc_gid=HCvPuYAlThwMWG3aIELiLw&oh=00_Afgs0eDvfKa4Et0OqvPDYw9rph3K7ZqJqSjxt-xqUIsq4Q&oe=692A9A38;Daha düzenli, daha güvenli ve daha modern bir Afyonkarahisar için çalışmalarımıza devam ediyoruz. 🚧;
https://www.instagram.com/p/DRNMdxYCCv2/;Carousel;1612;5;0;18.11.2025 20:27;https://scontent.cdninstagram.com/v/t51.82787-15/583101174_18537577804037474_7823519324698729757_n.jpg?stp=dst-jpg_e35_tt6&_nc_cat=109&ig_cache_key=Mzc2ODcyMzI2NjI0OTE2NTkwOQ%3D%3D.3-ccb7-5&ccb=7-5&_nc_sid=58cdad&efg=eyJ2ZW5jb2RlX3RhZyI6InhwaWRzLjE0NDB4OTU5LnNkci5DMyJ9&_nc_ohc=G6A14GyzqlgQ7kNvwGCRBNQ&_nc_oc=AdnRtF2RGH0o59rCu1eFIjs_Qaq59FUWaB7FGAnq-LS1NeazvvwKn6R5M2Ixt69GunQ&_nc_ad=z-m&_nc_cid=1161&_nc_zt=23&_nc_ht=scontent.cdninstagram.com&_nc_gid=HCvPuYAlThwMWG3aIELiLw&oh=00_AfjUhFWRS52o1W8sUYwHlIM4yGdjphdJnHsCPAO8DmTXLw&oe=692A7EA7;Valiliğimizde düzenlenen İl Afet Risk Azaltma İzleme ve Değerlendirme Toplantısına katıldık.;
https://www.instagram.com/p/DRKY9CkCKq_/;Photo;588;4;0;17.11.2025 18:18;https://scontent.cdninstagram.com/v/t51.82787-15/582229110_18537413668037474_4518260372951701427_n.jpg?stp=dst-jpg_e35_tt6&_nc_cat=105&ig_cache_key=Mzc2NzkzMzc4NjAwNTIyMDAzMQ%3D%3D.3-ccb7-5&ccb=7-5&_nc_sid=58cdad&efg=eyJ2ZW5jb2RlX3RhZyI6InhwaWRzLjE0NDB4OTYwLnNkci5DMyJ9&_nc_ohc=abaQbp52rHIQ7kNvwHkxXYc&_nc_oc=AdkhLpVV6anc5xMHt8gXbpivjiTiFH4wPKFIxM3rlCEjdUW1NXNJk75xUZFLaMpHN5g&_nc_ad=z-m&_nc_cid=1161&_nc_zt=23&_nc_ht=scontent.cdninstagram.com&_nc_gid=HCvPuYAlThwMWG3aIELiLw&oh=00_Afj4HDd0HRQLqNdhev1IkNcpaqkJhNxq7zQB9Tj0KQzqjQ&oe=692A7A7D;İlimiz basın camiasından gazeteci Mahmut Doğu ile görüş alışverişinde bulunduk.;
https://www.instagram.com/p/DRKNiIyiOq6/;Photo;679;5;0;17.11.2025 16:39;https://scontent.cdninstagram.com/v/t51.82787-15/583321885_18537399184037474_6653017170276716642_n.jpg?stp=dst-jpg_e35_tt6&_nc_cat=110&ig_cache_key=Mzc2Nzg4MzU1ODc1MzQ2Mjk3MA%3D%3D.3-ccb7-5&ccb=7-5&_nc_sid=58cdad&efg=eyJ2ZW5jb2RlX3RhZyI6InhwaWRzLjE0NDB4OTYwLnNkci5DMyJ9&_nc_ohc=CtdtgiQJeA4Q7kNvwGd9Ime&_nc_oc=AdkZedtTwFhDGl1d0Ta9WexnMd75lS5hgDYoPrIcUVy1cC4BBRybc9-Aaq0w15bbV7A&_nc_ad=z-m&_nc_cid=1161&_nc_zt=23&_nc_ht=scontent.cdninstagram.com&_nc_gid=HCvPuYAlThwMWG3aIELiLw&oh=00_AfhPJr1a_EureDrzOkMQmrcNnkO_9nxhbZntqz3pIGUBZA&oe=692A788E;Belediye-İş Sendikası Afyonkarahisar Şube Başkanı Mehmet Selman ve Yönetimi ile görüş alışverişinde bulunduk.;
https://www.instagram.com/p/DRKIXzRCHf1/;Carousel;684;2;0;17.11.2025 15:53;https://scontent.cdninstagram.com/v/t51.82787-15/584320018_18537393259037474_7044797606738314059_n.jpg?stp=dst-jpg_e35_tt6&_nc_cat=105&ig_cache_key=Mzc2Nzg2MDg0MDQ0MDAwNTY5MQ%3D%3D.3-ccb7-5&ccb=7-5&_nc_sid=58cdad&efg=eyJ2ZW5jb2RlX3RhZyI6InhwaWRzLjE0NDB4OTYwLnNkci5DMyJ9&_nc_ohc=RmQ3M6G4pl8Q7kNvwEnvq-r&_nc_oc=Adnnm9jOiroTwqDUfg36bgUlJycb2SZ6DrSH4VnbyioRRd6xqFIsq8A_dpzipcpgZfw&_nc_ad=z-m&_nc_cid=1161&_nc_zt=23&_nc_ht=scontent.cdninstagram.com&_nc_gid=HCvPuYAlThwMWG3aIELiLw&oh=00_AfidZgxENrTTcbMj_Nj1NmzPnXgWipXJetZCSVlYdyIZvA&oe=692A7ED3;Afyon Muhtarları Dayanışma Derneği Başkanı Deniz Özcan ve Yönetim Kurulu Üyeleri ile görüş alışverişinde bulunduk.;
https://www.instagram.com/p/DRJwu24CNbR/;Reels;1134;22;115061;17.11.2025 12:29;https://scontent.cdninstagram.com/v/t51.71878-15/582856714_1133645765591954_8361373106182302076_n.jpg?stp=dst-jpg_e15_tt6&_nc_cat=108&ig_cache_key=Mzc2Nzc1Njg4OTUyMjc1NTI4MQ%3D%3D.3-ccb7-5&ccb=7-5&_nc_sid=58cdad&efg=eyJ2ZW5jb2RlX3RhZyI6InhwaWRzLjY0MHgzNjAuc2RyLkMzIn0%3D&_nc_ohc=hX6J77ww-O0Q7kNvwEGrEXz&_nc_oc=AdlUuqP2tC_tUtpRcDKvFrOniCapblZ3XCKQIWW83N5Xjhk4XM6c9YNt-rXjVq5x7sM&_nc_ad=z-m&_nc_cid=1161&_nc_zt=23&_nc_ht=scontent.cdninstagram.com&_nc_gid=HCvPuYAlThwMWG3aIELiLw&oh=00_AfgTYpOma6qTE6gpXr3uFhtcXpFUwF3a1QRAOYxj3psJtg&oe=692A86AE;Afyonkarahisarımızda trafik artık daha güvenli, ulaşım daha konforlu olacak. 🚥🛣️;
https://www.instagram.com/p/DREX9PciNv-/;Photo;1501;29;0;15.11.2025 10:14;https://scontent.cdninstagram.com/v/t51.82787-15/582078736_18537045880037474_3858939485050753887_n.jpg?stp=dst-jpg_e35_tt6&_nc_cat=102&ig_cache_key=Mzc2NjI0MDU1MTkzMTI3MjE5MA%3D%3D.3-ccb7-5&ccb=7-5&_nc_sid=58cdad&efg=eyJ2ZW5jb2RlX3RhZyI6InhwaWRzLjE0NDB4MTcyOC5zZHIuQzMifQ%3D%3D&_nc_ohc=bT7vpQH2UVEQ7kNvwExHB1O&_nc_oc=AdkvYurRKnXugRHv3VY4NBMcUsd-ezR64jyVNTyzyYMqKSLlq1qZw7lgNamOiT9Qr-8&_nc_ad=z-m&_nc_cid=1161&_nc_zt=23&_nc_ht=scontent.cdninstagram.com&_nc_gid=HCvPuYAlThwMWG3aIELiLw&oh=00_AfjkyKfDvw1VW9ddHkiO5i1YJmVdpZcCsQo4XgSqihMWVw&oe=692A7C57;"Manisa’nın Alaşehir ilçesinde trafik polislerinin bulunduğu ekip aracının geçirdiği trafik kazası sonucu bir polisimizin şehit olduğunu, bir polisimizin ise ağır yaralandığını üzüntüyle öğrendim.  Yaralı polisimize acil şifalar diliyorum. Şehidimize Allah’tan rahmet; kederli ailesine sabır ve başsağlığı diliyorum.  Milletimizin başı sağ olsun. 🇹🇷";
https://www.instagram.com/p/DRETG09CAJv/;Photo;504;3;0;15.11.2025 09:32;https://scontent.cdninstagram.com/v/t51.82787-15/583226105_18537041878037474_132746633441738173_n.jpg?stp=dst-jpg_e35_tt6&_nc_cat=104&ig_cache_key=Mzc2NjIxOTIyMDQ0NzY1ODYwNw%3D%3D.3-ccb7-5&ccb=7-5&_nc_sid=58cdad&efg=eyJ2ZW5jb2RlX3RhZyI6InhwaWRzLjE0NDB4MTczMC5zZHIuQzMifQ%3D%3D&_nc_ohc=_RQuiRS9urMQ7kNvwG_cKMQ&_nc_oc=Adk-nz_7Clu_J4qApsYSZkR_k4rWTvVXJeULqjxLiYuNW0T7WannL0J7hbzrt2OeZuY&_nc_ad=z-m&_nc_cid=1027&_nc_zt=23&_nc_ht=scontent.cdninstagram.com&_nc_gid=bK37IFGJIHoGRr1-QXG3wg&oh=00_AfiunmPHhwL4f0x8ezFjz2MW0XcHAmb1M0RCJDV0cIHJ0w&oe=692A94CA;Kuzey Kıbrıs Türk Cumhuriyeti’nin kuruluşunun yıl dönümünü kutluyor, Kıbrıs Türk halkının özgürlük ve bağımsızlık mücadelesini saygıyla anıyorum.;
https://www.instagram.com/p/DRCWzn-CNP0/;Carousel;664;1;0;14.11.2025 15:26;https://scontent.cdninstagram.com/v/t51.82787-15/580862497_18536919343037474_4747474065308932417_n.jpg?stp=dst-jpg_e35_tt6&_nc_cat=101&ig_cache_key=Mzc2NTY3MjUzMTg5NDczNjE2Ng%3D%3D.3-ccb7-5&ccb=7-5&_nc_sid=58cdad&efg=eyJ2ZW5jb2RlX3RhZyI6InhwaWRzLjE0NDB4OTYwLnNkci5DMyJ9&_nc_ohc=LW32I_3PmnkQ7kNvwF_9vAr&_nc_oc=Adna2mA0PqTvQLW0dJ54GicFVydsVLpg_2C0Mte-Q6xKCvolJ6Bx3Qayc_8Ex5Innug&_nc_ad=z-m&_nc_cid=1027&_nc_zt=23&_nc_ht=scontent.cdninstagram.com&_nc_gid=bK37IFGJIHoGRr1-QXG3wg&oh=00_AfisKmkJv3zoePQA-3ATkcd9SOXVis7oWEEkwIuVhNcGRw&oe=692A913C;İç Anadolu Belediyeler Birliği Genel Sekreteri Dr. Salim Çoruk ile görüş alışverişinde bulunduk.;
https://www.instagram.com/p/DRCPgChiDXM/;Carousel;1583;7;0;14.11.2025 14:22;https://scontent.cdninstagram.com/v/t51.82787-15/582413609_18536912665037474_2614230324122926731_n.jpg?stp=dst-jpg_e35_tt6&_nc_cat=107&ig_cache_key=Mzc2NTY0MDM5NTQ5ODI0MDIwMg%3D%3D.3-ccb7-5&ccb=7-5&_nc_sid=58cdad&efg=eyJ2ZW5jb2RlX3RhZyI6InhwaWRzLjE0NDB4OTU5LnNkci5DMyJ9&_nc_ohc=8wRBw4dezFMQ7kNvwFly8Y3&_nc_oc=Adnp5ZFn-3m30co5ccjeyrJWEpFZmfL5x1B4atdJLRuki8xnkDCUmbEGfjDzHokknmo&_nc_ad=z-m&_nc_cid=1027&_nc_zt=23&_nc_ht=scontent.cdninstagram.com&_nc_gid=bK37IFGJIHoGRr1-QXG3wg&oh=00_AfjlKvnO3QcuPswXofiMKLmzDEgC8HyIk5qQpfZX3LoBCA&oe=692A83A6;Masterchef Eski Finalisti Nigar Akyıldız ve Gazeteci Berna Uğur Türksoy ile görüş alışverişinde bulunduk.;
https://www.instagram.com/p/DRCIpp3iIDC/;Carousel;962;2;0;14.11.2025 13:22;https://scontent.cdninstagram.com/v/t51.82787-15/582292954_18536906479037474_2344317604124863282_n.jpg?stp=dst-jpg_e35_tt6&_nc_cat=107&ig_cache_key=Mzc2NTYxMDI3MjcwMzE2MjA4Mw%3D%3D.3-ccb7-5&ccb=7-5&_nc_sid=58cdad&efg=eyJ2ZW5jb2RlX3RhZyI6InhwaWRzLjE0NDB4OTYwLnNkci5DMyJ9&_nc_ohc=HqNcLYpHkcoQ7kNvwFbJlqQ&_nc_oc=Adk8nAw_ZoP-Dr11rdprfZTO3Cb04PKMtFAPGTjfetqXII8UH_tiX3Gn_8Tcld-2RCM&_nc_ad=z-m&_nc_cid=1027&_nc_zt=23&_nc_ht=scontent.cdninstagram.com&_nc_gid=bK37IFGJIHoGRr1-QXG3wg&oh=00_AfjnJCaj2N5xXlheuTKBrK5vZ06FlJqolGJu1hH6cubVWQ&oe=692A895A;Kazakistan Cumhuriyeti İzmir Başkonsolosu Bauyrzhan Akatayev ve Yardımcısı Marsel Aitkaliyev ile görüş alışverişinde bulunduk.;
https://www.instagram.com/p/DRAi9RDgD7M/;Photo;1544;26;0;13.11.2025 22:33;https://scontent.cdninstagram.com/v/t51.82787-15/580659872_18536825887037474_6603696863176994991_n.jpg?stp=dst-jpg_e35_tt6&_nc_cat=106&ig_cache_key=Mzc2NTE2MzAzMjI2MzU0MDQyOA%3D%3D.3-ccb7-5&ccb=7-5&_nc_sid=58cdad&efg=eyJ2ZW5jb2RlX3RhZyI6InhwaWRzLjE0NDB4MTcyOC5zZHIuQzMifQ%3D%3D&_nc_ohc=-Tqg80w21TQQ7kNvwFnnQ4g&_nc_oc=AdnxE6CO1KEej6PJgw_wYrX9A4o-XXUj3gF9L1Z4MY5QeiO6p17OMx5iMt_1vi8CzcU&_nc_ad=z-m&_nc_cid=1027&_nc_zt=23&_nc_ht=scontent.cdninstagram.com&_nc_gid=bK37IFGJIHoGRr1-QXG3wg&oh=00_AfgKFDpkbKiOr9UblmG4iKbWnojo7DWukOhp-vIDVXyIzA&oe=692A7544;"Orman Genel Müdürlüğü’ne ait yangın söndürme uçağının kaza-kırıma uğraması sonucu pilotumuzun şehit olduğunu üzüntüyle öğrendim.  Şehidimize Allah’tan rahmet; kederli ailesine sabır ve başsağlığı diliyorum.  Milletimizin başı sağ olsun. 🇹🇷";
https://www.instagram.com/p/DRAKMiQiIxH/;Reels;1614;40;66972;13.11.2025 18:58;https://scontent.cdninstagram.com/v/t51.71878-15/581806829_877998684764833_4299192114438248712_n.jpg?stp=dst-jpg_e15_tt6&_nc_cat=104&ig_cache_key=Mzc2NTA1NDEzMDM2NTE3MjgwNw%3D%3D.3-ccb7-5&ccb=7-5&_nc_sid=58cdad&efg=eyJ2ZW5jb2RlX3RhZyI6InhwaWRzLjY0MHgzNjAuc2RyLkMzIn0%3D&_nc_ohc=KCcxg2x8X90Q7kNvwEjgS_8&_nc_oc=AdmCC9xHX7B_Zh3WEuyVuhgybUpx3PWw2D2ndoeth1an2viShgHHR0MnNqYjWloZl-I&_nc_ad=z-m&_nc_cid=1027&_nc_zt=23&_nc_ht=scontent.cdninstagram.com&_nc_gid=bK37IFGJIHoGRr1-QXG3wg&oh=00_Afj--GKWn2u2cHb654SIMy49Y04wmNBiYUGjyTpDLFBycw&oe=692A905D;Her çocuğumuz bizim için özeldir! 🩷;
https://www.instagram.com/p/DQ_sjaQCFVt/;Carousel;538;1;0;13.11.2025 14:38;https://scontent.cdninstagram.com/v/t51.82787-15/582260406_18536769871037474_160787943786703581_n.jpg?stp=dst-jpg_e35_tt6&_nc_cat=100&ig_cache_key=Mzc2NDkyMzc0NzUyMjg5NjYzMw%3D%3D.3-ccb7-5&ccb=7-5&_nc_sid=58cdad&efg=eyJ2ZW5jb2RlX3RhZyI6InhwaWRzLjE0NDB4OTYwLnNkci5DMyJ9&_nc_ohc=7q-kkJqzJucQ7kNvwGn4RF-&_nc_oc=AdnrsEwNU7prMayIDPDOZJPDFjcMNP9KX4I3l2S9n6vK5RqaxVshYOeM_tmxz___kvM&_nc_ad=z-m&_nc_cid=1027&_nc_zt=23&_nc_ht=scontent.cdninstagram.com&_nc_gid=bK37IFGJIHoGRr1-QXG3wg&oh=00_Afg7mGmX-Yi0A46CN0Tmk-lj5iW3i3qeKTb_laDZHKe-YA&oe=692A75E7;Cumhuriyet Halk Partisi Şuhut İlçe Başkanımız Erkan Aydın ve Yönetim Kurulu Üyeleri ile görüş alışverişinde bulunduk.;
https://www.instagram.com/p/DQ_l5-fCL69/;Carousel;603;2;0;13.11.2025 13:40;https://scontent.cdninstagram.com/v/t51.82787-15/579720704_18536763181037474_7028566425617275092_n.jpg?stp=dst-jpg_e35_tt6&_nc_cat=106&ig_cache_key=Mzc2NDg5NDUxMjcwMzg4NTkwMQ%3D%3D.3-ccb7-5&ccb=7-5&_nc_sid=58cdad&efg=eyJ2ZW5jb2RlX3RhZyI6InhwaWRzLjE0NDB4OTYwLnNkci5DMyJ9&_nc_ohc=cCBVNhuArRYQ7kNvwFXf2nO&_nc_oc=AdlxTVczt2o8Y-sRoH2mV4sTqr2H9AF6o49tp6GKd_XI2loBr6Kvex2Xtg2-7_M20yk&_nc_ad=z-m&_nc_cid=1027&_nc_zt=23&_nc_ht=scontent.cdninstagram.com&_nc_gid=bK37IFGJIHoGRr1-QXG3wg&oh=00_AfhpI2K8gmFHb0x5FVVP4064_XtnTPfbR3iC6yULRcfYcA&oe=692A9764;Cumhuriyet Halk Partisi Bayat İlçe Başkanımız Ömer Mumcu ve Yönetim Kurulu Üyeleri ile görüş alışverişinde bulunduk.;
https://www.instagram.com/p/DQ9qo-LCIX5/;Carousel;1277;7;0;12.11.2025 19:43;https://scontent.cdninstagram.com/v/t51.82787-15/581744969_18536625625037474_6836317594524642697_n.jpg?stp=dst-jpg_e35_tt6&_nc_cat=106&ig_cache_key=Mzc2NDM1MjM4MTY0ODEyMDAzNw%3D%3D.3-ccb7-5&ccb=7-5&_nc_sid=58cdad&efg=eyJ2ZW5jb2RlX3RhZyI6InhwaWRzLjE0NDB4OTYwLnNkci5DMyJ9&_nc_ohc=2uQhMl43ML4Q7kNvwHSECV9&_nc_oc=AdlvG0ZI9GEeOg3bubt4LA4b10WYbG6D10O4X7yJhLPobQf_E7rKLrFfy9BTCvdsFF4&_nc_ad=z-m&_nc_cid=1027&_nc_zt=23&_nc_ht=scontent.cdninstagram.com&_nc_gid=bK37IFGJIHoGRr1-QXG3wg&oh=00_AfhJnwQpLVOtQRSvFTWplkSSPnrMGe6nkcj0AZ0ocaIqQA&oe=692A99E7;Şehrimizin gururu Zaferin Sultanları ile bir aradayız. Emekleri, inançları ve mücadeleleriyle hepimizi gururlandıran takımımızı yürekten kutluyorum.  Her zaman yanınızdayım!;
https://www.instagram.com/p/DQ9V5isiKQd/;Photo;1652;20;0;12.11.2025 16:42;https://scontent.cdninstagram.com/v/t51.82787-15/581202686_18536553709037474_6766901611042888886_n.jpg?stp=dst-jpg_e35_tt6&_nc_cat=111&ig_cache_key=Mzc2NDI2MTE3Njc5Mjg4NDI1Mw%3D%3D.3-ccb7-5&ccb=7-5&_nc_sid=58cdad&efg=eyJ2ZW5jb2RlX3RhZyI6InhwaWRzLjE0NDB4MTczMC5zZHIuQzMifQ%3D%3D&_nc_ohc=xc6SCNur8I8Q7kNvwFo4Vz6&_nc_oc=AdnyspqOxv0kRPycSRmkFXXWJj4k4eWyDlHioq5WxiJjZNkRcI1yUMoWdJFCQxS2Kxs&_nc_ad=z-m&_nc_cid=1027&_nc_zt=23&_nc_ht=scontent.cdninstagram.com&_nc_gid=bK37IFGJIHoGRr1-QXG3wg&oh=00_AfiIUZjgYTdpC-MlotXmx_HDit2lehitBYjF-R4gLgLxGQ&oe=692A9DF1;Geçmiş Olsun...;
https://www.instagram.com/p/DQ9UAD1CIHa/;Carousel;686;2;0;12.11.2025 16:25;https://scontent.cdninstagram.com/v/t51.82787-15/575669394_18536551531037474_2761267406553493872_n.jpg?stp=dst-jpg_e35_tt6&_nc_cat=102&ig_cache_key=Mzc2NDI1MjgxNTE1NDI2NzM0MA%3D%3D.3-ccb7-5&ccb=7-5&_nc_sid=58cdad&efg=eyJ2ZW5jb2RlX3RhZyI6InhwaWRzLjE0NDB4OTYwLnNkci5DMyJ9&_nc_ohc=F0mmJZnHstIQ7kNvwGt2FtL&_nc_oc=AdkFYrTTxptpK_O2WFRQyTEMLMZt8Urbab53RcQ7kJ4acpd7bpBHRVwy491etplXrjQ&_nc_ad=z-m&_nc_cid=1027&_nc_zt=23&_nc_ht=scontent.cdninstagram.com&_nc_gid=bK37IFGJIHoGRr1-QXG3wg&oh=00_AfgyKTe_8jc7m9vXR66M81EoQvW_hjrcXGjRwmTYlEZptQ&oe=692A9B34;Cumhuriyet Halk Partisi Sinanpaşa İlçe Başkanımız Ahmet Demir ve Yönetim Kurulu Üyeleri ile görüş alışverişinde bulunduk.;
https://www.instagram.com/p/DQ9LALfiF8a/;Carousel;788;5;0;12.11.2025 15:06;https://scontent.cdninstagram.com/v/t51.82787-15/575724459_18536541853037474_8364440178292279067_n.jpg?stp=dst-jpg_e35_tt6&_nc_cat=108&ig_cache_key=Mzc2NDIxMzIzOTg0OTE1OTc3OQ%3D%3D.3-ccb7-5&ccb=7-5&_nc_sid=58cdad&efg=eyJ2ZW5jb2RlX3RhZyI6InhwaWRzLjE0NDB4OTYwLnNkci5DMyJ9&_nc_ohc=GaPgyXQsyswQ7kNvwEdFvNf&_nc_oc=AdkVhgJq1vnLbB3FX1_K42QWkz_k3cN7zfpbwXHW7OfdLYtX1Xo0nGX32el_IpCrVSI&_nc_ad=z-m&_nc_cid=1027&_nc_zt=23&_nc_ht=scontent.cdninstagram.com&_nc_gid=bK37IFGJIHoGRr1-QXG3wg&oh=00_Afhj4goIlEGydZnn2X6MyPiWKtfCvcsGfdQu8qIshjvbpg&oe=692A99D9;Cumhuriyet Halk Partisi Çobanlar İlçe Başkanımız Sefa Evrenkaya ve Yönetim Kurulu Üyeleri ile görüş alışverişinde bulunduk.;
https://www.instagram.com/p/DQ9AfJuiIb0/;Photo;1142;6;0;12.11.2025 13:34;https://scontent-sjc3-1.cdninstagram.com/v/t51.82787-15/579718082_18536485996037474_8760293583828934555_n.jpg?stp=dst-jpg_e35_tt6&_nc_cat=102&ig_cache_key=Mzc2NDE2NzAwNDI5OTc1NzMwMA%3D%3D.3-ccb7-5&ccb=7-5&_nc_sid=58cdad&efg=eyJ2ZW5jb2RlX3RhZyI6InhwaWRzLjE0NDB4OTYwLnNkci5DMyJ9&_nc_ohc=cio5onVFuOAQ7kNvwHXDt9e&_nc_oc=Adm5d108VR8VI8Sg_CGQX-YlAw9Le1O62sV2ofN-6kQzh-ZUoFr22RvlzbB6lYIz7Z8O2vVIUohysCk3xp2oA6Hc&_nc_ad=z-m&_nc_cid=0&_nc_zt=23&_nc_ht=scontent-sjc3-1.cdninstagram.com&_nc_gid=V5qwlL9z6pZmoxErBA4mrA&oh=00_AfgsgQNXRvIHPkwVQiSiYffahrpr8dCnNNTWXDT6Fuu7vA&oe=692A8CF1;Prof. Dr. Cantürk Kayahan ve Gazeteci Nail Azbay ile görüş alışverişinde bulunduk.;
https://www.instagram.com/p/DQ61mNYiCR6/;Photo;1303;33;0;11.11.2025 17:21;https://scontent-sjc3-1.cdninstagram.com/v/t51.82787-15/580104965_18536178487037474_8804558138580950152_n.jpg?stp=dst-jpg_e35_tt6&_nc_cat=100&ig_cache_key=Mzc2MzU1NjE2MDc5Njg5NDMzMA%3D%3D.3-ccb7-5&ccb=7-5&_nc_sid=58cdad&efg=eyJ2ZW5jb2RlX3RhZyI6InhwaWRzLjE0NDB4MTcyOC5zZHIuQzMifQ%3D%3D&_nc_ohc=dDbdnYkwMPUQ7kNvwHsQwgL&_nc_oc=AdlJUJ31Rvf1qGKE5y_2rHpN05uvr929cWDUDuoz4Up4lYQSprbC8Ue49iPIB6kwA_Pa05j6YkaFNxRGg6XQEsLe&_nc_ad=z-m&_nc_cid=0&_nc_zt=23&_nc_ht=scontent-sjc3-1.cdninstagram.com&_nc_gid=V5qwlL9z6pZmoxErBA4mrA&oh=00_AfjNoNWYSRnTie6fcorSeex5hcrGem4kcKabDxCA0mX-wg&oe=692A99CB;"Osmaniye İl Emniyet Müdürlüğü’nde görevli Polis Memuru Faruk Şahin’in görevi başında rahatsızlanarak şehit olduğunu üzüntüyle öğrendim.  Şehidimize Allah’tan rahmet; kederli ailesine sabır ve başsağlığı diliyorum.  Milletimizin başı sağ olsun. 🇹🇷";
https://www.instagram.com/p/DQ6w3XBCHLA/;Photo;1385;49;0;11.11.2025 16:39;https://scontent-sjc3-1.cdninstagram.com/v/t51.82787-15/579717052_18536162038037474_7290501611638063693_n.jpg?stp=dst-jpg_e35_tt6&_nc_cat=103&ig_cache_key=Mzc2MzUzNTM0OTEzODYxNzAyNA%3D%3D.3-ccb7-5&ccb=7-5&_nc_sid=58cdad&efg=eyJ2ZW5jb2RlX3RhZyI6InhwaWRzLjE0NDB4MTczMC5zZHIuQzMifQ%3D%3D&_nc_ohc=tN6LesJWmc8Q7kNvwEg5ZVH&_nc_oc=AdnnzcYT6Lff-4a224KlC_4avzKHGP7_mKSoxL0EiQyWS4A-QDe7YZAbJNAeTNjThfSZ1MWv6K9Vdgg33Y-1RAf3&_nc_ad=z-m&_nc_cid=0&_nc_zt=23&_nc_ht=scontent-sjc3-1.cdninstagram.com&_nc_gid=V5qwlL9z6pZmoxErBA4mrA&oh=00_AfjLQC_u_byTVhdAnt4o67W09GFC401BrxAd2-lt6oWexw&oe=692A82EC;Milletimizin başı sağ olsun! 🇹🇷;
https://www.instagram.com/p/DQ6sjtICLDa/;Photo;413;2;0;11.11.2025 16:02;https://scontent-sjc3-1.cdninstagram.com/v/t51.82787-15/580031704_18536157145037474_7232946021590924005_n.jpg?stp=dst-jpg_e35_tt6&_nc_cat=110&ig_cache_key=Mzc2MzUxNjQwNjMwMjgxNDQyNg%3D%3D.3-ccb7-5&ccb=7-5&_nc_sid=58cdad&efg=eyJ2ZW5jb2RlX3RhZyI6InhwaWRzLjE0NDB4OTYwLnNkci5DMyJ9&_nc_ohc=8Q43-bl6x8QQ7kNvwFqR8v6&_nc_oc=AdmOD0qbbf4O1d60oG3ss6sFVpXDepjYKEhGpAFrA58_hTm4eHMy9tDGZwv03BLG2ahHcyxnfK7qrVxXVK-bou9Z&_nc_ad=z-m&_nc_cid=0&_nc_zt=23&_nc_ht=scontent-sjc3-1.cdninstagram.com&_nc_gid=V5qwlL9z6pZmoxErBA4mrA&oh=00_AfhK9ulkOTTwmevOPzXxjyTfKBKuJT-Y1KRp0PfpjDFBCQ&oe=692A9DB9;ATSO Yönetim Kurulu Başkanı Hüsnü Serteser, İscehisar Mermerciler Derneği Yönetim Kurulu Başkanı Remzi Özcan, Boğaz Mermerciler Derneği Başkanı Mehmet Sıtkı Merdivenci, ATSO Madencilik Faaliyetleri Taş ve Mermer Ocakları Temsilcisi Necmettin Ayyıldız, Mermer Fabrikaları Temsilcisi Metin Balaban, Mermer İhracatçıları Temsilcisi Serkan Sarıçiçek ve ATSO Genel Sekreteri Ali Şenol ile görüş alışverişinde bulunduk.;
https://www.instagram.com/p/DQ6hyV4iEjB/;Photo;676;2;0;11.11.2025 14:28;https://scontent-sjc6-1.cdninstagram.com/v/t51.82787-15/575670166_18536124301037474_5834732495148382606_n.jpg?stp=dst-jpg_e35_tt6&_nc_cat=101&ig_cache_key=Mzc2MzQ2OTAzMzYyNzIwNzg3Mw%3D%3D.3-ccb7-5&ccb=7-5&_nc_sid=58cdad&efg=eyJ2ZW5jb2RlX3RhZyI6InhwaWRzLjE0NDB4OTYwLnNkci5DMyJ9&_nc_ohc=piE33nJdePAQ7kNvwHj3PDb&_nc_oc=Adm_GUBdEo79y4beMbEAWWxZ1wNTEVOyQF-nhhGe887MFFHbk3AALS-2906PmZTM0QeXcqyrBHe4ONiNot6Xj0Wh&_nc_ad=z-m&_nc_cid=0&_nc_zt=23&_nc_ht=scontent-sjc6-1.cdninstagram.com&_nc_gid=V5qwlL9z6pZmoxErBA4mrA&oh=00_Afi7-ZLdPSKDhefjZxWuy1xxxob9RoxeN3Ztix_KZrm-lw&oe=692A9306;Emniyet Teşkilatı Vazife Malulü ve Şehit Aileleri Vakfı Genel Başkan Yardımcısı Ahmet Kavlak ile şehit ailelerimiz için yapılacak projelerle ilgili görüş alışverişinde bulunduk.;
https://www.instagram.com/p/DQ6BTAYCK2a/;Reels;561;3;85185;11.11.2025 09:45;https://scontent-sjc6-1.cdninstagram.com/v/t51.71878-15/582090952_1331023054991557_5857977520456072434_n.jpg?stp=dst-jpg_e15_tt6&_nc_cat=101&ig_cache_key=Mzc2MzMyNjE0Mjc0MTI2MTcyMg%3D%3D.3-ccb7-5&ccb=7-5&_nc_sid=58cdad&efg=eyJ2ZW5jb2RlX3RhZyI6InhwaWRzLjY0MHgzNjAuc2RyLkMzIn0%3D&_nc_ohc=Js0vaoLXkioQ7kNvwEI4sz2&_nc_oc=AdmygH7vSFX3nHPnYUEjUH1mFdje-X3aEVJLyVBMYKj8OQRdqRbyaeGg3sUGC_cLuApFGGmPqnqgM6rRjedsuckW&_nc_ad=z-m&_nc_cid=0&_nc_zt=23&_nc_ht=scontent-sjc6-1.cdninstagram.com&_nc_gid=V5qwlL9z6pZmoxErBA4mrA&oh=00_AfhG3JVSLaIMtbGKZrH9Lo6UkbonoeBdOtZHm2pCjXwmKQ&oe=692A9D44;Altyapı çalışmalarımıza hız kesmeden devam ediyoruz. 💦🚧;
https://www.instagram.com/p/DQ4UGuBiCBX/;Carousel;1928;8;0;10.11.2025 17:50;https://scontent-sjc3-1.cdninstagram.com/v/t51.82787-15/574343337_18535821910037474_2804539433534580654_n.jpg?stp=dst-jpg_e35_tt6&_nc_cat=110&ig_cache_key=Mzc2Mjg0NTg5OTUxMzQ1OTU1Nw%3D%3D.3-ccb7-5&ccb=7-5&_nc_sid=58cdad&efg=eyJ2ZW5jb2RlX3RhZyI6InhwaWRzLjE0NDB4OTYwLnNkci5DMyJ9&_nc_ohc=RTPt-tTIohMQ7kNvwG3M_ut&_nc_oc=AdnMTxLTkLMSfk_fFnlfrCOCkF4IC1KodFqMzmozWduJ_N8f8-i5pFYOBuIoR5JjkjBJ2WwU8LnsqX1NO-zFz51c&_nc_ad=z-m&_nc_cid=0&_nc_zt=23&_nc_ht=scontent-sjc3-1.cdninstagram.com&_nc_gid=V5qwlL9z6pZmoxErBA4mrA&oh=00_AfhvXQj8QhsamGoK0e-WuFFjkGpiWrwzOMMZYAfdxSfJMw&oe=692A9106;Derin Dinç ve Oğuzhan Yağdan çiftinin nikah akdini şahitler ve aileler huzurunda gerçekleştirdik.  Genç çiftimizi tebrik eder, ömür boyu mutluluklar dilerim.;
https://www.instagram.com/p/DQ4OrGBiCzB/;Photo;997;6;0;10.11.2025 17:02;https://scontent-sjc6-1.cdninstagram.com/v/t51.82787-15/574770777_18535814602037474_2052225815068819256_n.jpg?stp=dst-jpg_e35_tt6&_nc_cat=108&ig_cache_key=Mzc2MjgyMjAyMjcyNDg1NzAyNQ%3D%3D.3-ccb7-5&ccb=7-5&_nc_sid=58cdad&efg=eyJ2ZW5jb2RlX3RhZyI6InhwaWRzLjE0NDB4OTYwLnNkci5DMyJ9&_nc_ohc=-Tfz02W87bYQ7kNvwEgiS5V&_nc_oc=AdlOikEEXdmYDPE1QW2vine-pIc8jLRfXnx1lKC1ctVxGZiR35TgtteuSxOAdUZG-ddsAtf-hdJOSyTV8K_3vErW&_nc_ad=z-m&_nc_cid=0&_nc_zt=23&_nc_ht=scontent-sjc6-1.cdninstagram.com&_nc_gid=V5qwlL9z6pZmoxErBA4mrA&oh=00_AfiDwh_xoCMOqOs-UZfq3ZiLg1tIhv32YVK7Vt-NUhbh2A&oe=692A8177;Güzel kızımız Pınar’ı ve annesi Nazmiye Hanım’ı misafir ettik. Pınar’ın gülümsemesi, yaptığımız her işin en güzel karşılığı… Her çocuğumuzun yüzü gülsün diye, Afyonkarahisar’da sevgiyle çalışmaya devam edeceğiz.;
https://www.instagram.com/p/DQ35YHBiLI5/;Carousel;977;1;0;10.11.2025 13:56;https://scontent-sjc6-1.cdninstagram.com/v/t51.82787-15/580512900_18535750534037474_9008232407497842841_n.jpg?stp=dst-jpg_e35_tt6&_nc_cat=104&ig_cache_key=Mzc2MjcyODM0NjEyNDM0NzMzNQ%3D%3D.3-ccb7-5&ccb=7-5&_nc_sid=58cdad&efg=eyJ2ZW5jb2RlX3RhZyI6InhwaWRzLjE0NDB4OTYwLnNkci5DMyJ9&_nc_ohc=0avSgD46zOQQ7kNvwFJnEib&_nc_oc=AdlbHDXamyZe0gy-zfkaDcI6jRz4iArdtiXhr9ZXZBbpC_HvHOy3_dZmBWz5nWJSsAiXGCsQLeSudNnDteZhTFwL&_nc_ad=z-m&_nc_cid=0&_nc_zt=23&_nc_ht=scontent-sjc6-1.cdninstagram.com&_nc_gid=V5qwlL9z6pZmoxErBA4mrA&oh=00_Afjv4fXibmLy3BgkXxmVf0x3HXQbkojt284DC1QM7oz5tw&oe=692A75CD;Cumhuriyet Halk Partisi Afyonkarahisar İl Başkanlığımız tarafından düzenlenen Atamızı anma programında Kocatepe Parkı Atatürk Anıtı’na çelenk sunduk.  Başkomutanımız Gazi Mustafa Kemal Atatürk ve silah arkadaşlarını, vatanımız uğruna canlarını veren tüm kahraman şehitlerimizi saygı ve rahmetle anıyorum.;
https://www.instagram.com/p/DQ3vAd-CINN/;Carousel;1270;8;0;10.11.2025 12:25;https://scontent-sjc6-1.cdninstagram.com/v/t51.82787-15/576555483_18535742659037474_8599624418977553524_n.jpg?stp=dst-jpg_e35_tt6&_nc_cat=109&ig_cache_key=Mzc2MjY4MjczNDE4Mzk4NDI0Mw%3D%3D.3-ccb7-5&ccb=7-5&_nc_sid=58cdad&efg=eyJ2ZW5jb2RlX3RhZyI6InhwaWRzLjE0NDB4OTYwLnNkci5DMyJ9&_nc_ohc=g0h3zMuKW-AQ7kNvwExUp6F&_nc_oc=AdlwJyO88aTdidEta0gbHYlPs6kkW8yT0IlOa4aJcChCMElhPbTdM16YYLUCrn6KhZgFHikJHaHfw2uLH2s1MkqD&_nc_ad=z-m&_nc_cid=0&_nc_zt=23&_nc_ht=scontent-sjc6-1.cdninstagram.com&_nc_gid=V5qwlL9z6pZmoxErBA4mrA&oh=00_AfimG5W-Z8OF1sthyk4ZaTLPSNvvlY5wWWe7V1dEmDYaGw&oe=692A7425;Cumhuriyetimizin kurucusu Gazi Mustafa Kemal Atatürk’ü, aramızdan ayrılışının 87. yıl dönümünde Şehit Kerim Üye Konferans Salonu’nda düzenlenen anma töreninde saygı ve özlemle anıyoruz. O’nun açtığı aydınlık yolda, laik ve çağdaş Türkiye idealini yaşatmaya kararlılıkla devam edeceğiz. 🇹🇷;
https://www.instagram.com/p/DQ3noNdAL1L/;Reels;2883;29;77382;10.11.2025 11:22;https://scontent-sjc6-1.cdninstagram.com/v/t51.82787-15/575745364_18535738126037474_2319033142818560286_n.jpg?stp=dst-jpg_e15_tt6&_nc_cat=109&ig_cache_key=Mzc2MjY1MDMwMDcyOTU3MjY4MzE4NTM1NzM4MTIzMDM3NDc0.3-ccb7-5&ccb=7-5&_nc_sid=58cdad&efg=eyJ2ZW5jb2RlX3RhZyI6InhwaWRzLjcyMHg0MDYuc2RyLkMzIn0%3D&_nc_ohc=JOZ1cgC3Lz0Q7kNvwH9KWdW&_nc_oc=Adk_6WvP4eW2_SYu0jBU4OquyBeBO6X_2zMSq3Y8nqreUFXCl5kuGgzcaUSnn3v6omwUrJhneXX-4SOQ1T9eZBNs&_nc_ad=z-m&_nc_cid=0&_nc_zt=23&_nc_ht=scontent-sjc6-1.cdninstagram.com&_nc_gid=V5qwlL9z6pZmoxErBA4mrA&oh=00_AfhgrHZW0Qq0NadfjFy1MRwX0xym4YVVHexF2hCV_4MHTw&oe=692A7A40;Sonsuz saygı ve minnetle… 🖤  #EmanetineSonsuzBağlılıkla #Kalbimizdesin #10Kasım;
https://www.instagram.com/p/DQ3cq7NCK96/;Carousel;3966;19;0;10.11.2025 09:45;https://scontent-sjc6-1.cdninstagram.com/v/t51.82787-15/579892465_18535697761037474_9212651854644024692_n.jpg?stp=dst-jpg_e35_tt6&_nc_cat=111&ig_cache_key=Mzc2MjYwMjA5NTc1MzU2MzcyNA%3D%3D.3-ccb7-5&ccb=7-5&_nc_sid=58cdad&efg=eyJ2ZW5jb2RlX3RhZyI6InhwaWRzLjE0NDB4OTYwLnNkci5DMyJ9&_nc_ohc=U-W1RD7MHC4Q7kNvwFcknd-&_nc_oc=Adl6OGUBzmVCttxrjdpzdw1hvLn5ExIfEjij2xfTxC__duVaiy-Y6zu2aotZ-C5moN8R16_Q7WQopyAX6BsZhJRZ&_nc_ad=z-m&_nc_cid=0&_nc_zt=23&_nc_ht=scontent-sjc6-1.cdninstagram.com&_nc_gid=V5qwlL9z6pZmoxErBA4mrA&oh=00_AfhcMLD-SpN7HWWjL3-XQ97sK0F07huJDawcmdGVwu_gHQ&oe=692A93A1;Büyük Önderimiz Gazi Mustafa Kemal Atatürk’ü, Kocatepe Parkı’nda özlemle ve minnetle anıyoruz.  Gösterdiğin yolda, Cumhuriyetimizin değerleriyle ilerlemeye devam edeceğiz. Ruhun şad olsun Atam, emanetin emin ellerde… ♾️;
https://www.instagram.com/p/DQ3QpBBiEIn/;Photo;1583;15;0;10.11.2025 08:00;https://scontent.cdninstagram.com/v/t51.82787-15/580353871_18535680964037474_1364135681316644301_n.jpg?stp=dst-jpg_e35_tt6&_nc_cat=101&ig_cache_key=Mzc2MjU0OTIwMTAzMzUxMTQ2Mw%3D%3D.3-ccb7-5&ccb=7-5&_nc_sid=58cdad&efg=eyJ2ZW5jb2RlX3RhZyI6InhwaWRzLjE0NDB4MTczMC5zZHIuQzMifQ%3D%3D&_nc_ohc=QpGvpTat76oQ7kNvwEXbXv1&_nc_oc=Admc_QOW616ih51QDUdFJY0mR5DQ2kg6GUJcLVilkVlfsYyKCZ3Z6w-saHZq-EPSR3U&_nc_ad=z-m&_nc_cid=1207&_nc_zt=23&_nc_ht=scontent.cdninstagram.com&_nc_gid=mE0e3bNDKGUHJOJmoRGm8w&oh=00_AfiKp--s5z7hchNzMyipf-TNlvmDgrza5On5cy98yQWPGA&oe=692AA8BD;"Bir milletin kalbinde ölümsüzleşen lider, Gazi Mustafa Kemal Atatürk… O, bir ulusun kaderini değiştiren kararlılığın, aklın ve aydınlığın simgesidir. 10 Kasım; yalnızca bir anma günü değil, onun fikirleriyle yaşama, ilkeleriyle yürüme kararlılığımızın günüdür. Atatürk’ün bizlere emanet ettiği Cumhuriyet, kadınların, gençlerin, çocukların onurla var olabildiği bir yaşamın teminatıdır. Bizler o emaneti korumaya, daha ileriye taşımaya ant içtik. Onun aziz hatırasına, Cumhuriyetimizin sonsuz ışığına sonsuz minnetle…";
https://www.instagram.com/p/DQ13Tn6iPuQ/;Reels;1309;24;74007;9.11.2025 19:00;https://scontent.cdninstagram.com/v/t51.82787-15/580984936_18535384462037474_7048789711655284890_n.jpg?stp=dst-jpg_e15_tt6&_nc_cat=106&ig_cache_key=Mzc2MjE1NjMwNDgyNDA3MzEwNDE4NTM1Mzg0NDU5MDM3NDc0.3-ccb7-5&ccb=7-5&_nc_sid=58cdad&efg=eyJ2ZW5jb2RlX3RhZyI6InhwaWRzLjcyMHg0MDYuc2RyLkMzIn0%3D&_nc_ohc=EEUmBz0NrUkQ7kNvwG8zTMP&_nc_oc=AdlkzPuZRwKFZW1v6J_oZSgjopb5iwIgHKr91cKTIEDT-A7Xl6pzXzQLkkeJ4V2yMoI&_nc_ad=z-m&_nc_cid=1207&_nc_zt=23&_nc_ht=scontent.cdninstagram.com&_nc_gid=mE0e3bNDKGUHJOJmoRGm8w&oh=00_Afgxo1_5viC7lyKfqvRejTyjlPWfjukD7gbDIShfxg2X7Q&oe=692A7555;Daima Atatürk’ün izinde… ♾️;
https://www.instagram.com/p/DQ1lGIIiCaM/;Photo;6495;100;0;9.11.2025 16:20;https://scontent.cdninstagram.com/v/t51.82787-15/571859604_18535296199037474_7673514125429772668_n.jpg?stp=dst-jpg_e35_tt6&_nc_cat=102&ig_cache_key=Mzc2MjA3NjIxMjUwODc2Mzc4OA%3D%3D.3-ccb7-5&ccb=7-5&_nc_sid=58cdad&efg=eyJ2ZW5jb2RlX3RhZyI6InhwaWRzLjE0NDB4MTYwOS5zZHIuQzMifQ%3D%3D&_nc_ohc=5_wbvIyMBzcQ7kNvwFEqKJA&_nc_oc=Adn_dgKd8Wc45CMx3XTuiAmhygrmypaNwAS1LD_AP5aRGCg0BWksdKmLvurIqDItGBk&_nc_ad=z-m&_nc_cid=1207&_nc_zt=23&_nc_ht=scontent.cdninstagram.com&_nc_gid=mE0e3bNDKGUHJOJmoRGm8w&oh=00_AfjokL1WxICEEzmBmOkvDKy1dRvq52EkbmgIoIiIV9xRng&oe=692A7EF2;;
https://www.instagram.com/p/DQzD7WuCDrF/;Photo;744;13;0;8.11.2025 16:52;https://scontent.cdninstagram.com/v/t51.82787-15/574231035_18534934144037474_8920553943200452579_n.jpg?stp=dst-jpg_e35_tt6&_nc_cat=104&ig_cache_key=Mzc2MTM2NzM4Njc2Nzc2ODI2MQ%3D%3D.3-ccb7-5&ccb=7-5&_nc_sid=58cdad&efg=eyJ2ZW5jb2RlX3RhZyI6InhwaWRzLjE0NDB4MTc5NS5zZHIuQzMifQ%3D%3D&_nc_ohc=lDwfCRv1XMQQ7kNvwHs0y8Z&_nc_oc=AdltSoFcneNnPHJMq8GH0irLNZ7k8F2gK0gc7go82B2eGcW57-GO9VDrICcSHJQ89v8&_nc_ad=z-m&_nc_cid=1207&_nc_zt=23&_nc_ht=scontent.cdninstagram.com&_nc_gid=mE0e3bNDKGUHJOJmoRGm8w&oh=00_Afg3FCU7OWK-VvTRQS_RDO4n7IeXjHBSCNd2c3TlwMPgLQ&oe=692A88B0;💜🤍 Afyon Belediye Yüntaş Voleybol takımımız, PTT Spor’u 3-0 mağlup etti. Harikasınız Zaferin Sultanları! 👏🏻;
https://www.instagram.com/p/DQwtjlmiMUB/;Reels;2011;33;111903;7.11.2025 18:59;https://scontent.cdninstagram.com/v/t51.71878-15/573060225_1128533756137380_746898650202211342_n.jpg?stp=dst-jpg_e15_tt6&_nc_cat=108&ig_cache_key=Mzc2MDcwNjA0NjUwMzk5NDYyNQ%3D%3D.3-ccb7-5&ccb=7-5&_nc_sid=58cdad&efg=eyJ2ZW5jb2RlX3RhZyI6InhwaWRzLjY0MHgzNjAuc2RyLkMzIn0%3D&_nc_ohc=5yYCG5FCH2cQ7kNvwGQlIxn&_nc_oc=Adn2j7TWXdv64TBdvlXreG-OuPJVoyBuecr0pKZbHKnVlqDN9Zmd0wW-zdUGuszOG9s&_nc_ad=z-m&_nc_cid=1207&_nc_zt=23&_nc_ht=scontent.cdninstagram.com&_nc_gid=mE0e3bNDKGUHJOJmoRGm8w&oh=00_Afg1VrC0s96rE94DqDufPDcXGdCqtH35HvlvXYcFL3yhwA&oe=692A90EA;Bizim önceliğimiz, çocuklarımızın mutluluğu! 💚;
https://www.instagram.com/p/DQwnNLtiNfu/;Photo;695;1;0;7.11.2025 18:03;https://scontent.cdninstagram.com/v/t51.82787-15/573527940_18534592420037474_5219936982519749168_n.jpg?stp=dst-jpg_e35_tt6&_nc_cat=103&ig_cache_key=Mzc2MDY3ODExODU5NjU5Nzc0Mg%3D%3D.3-ccb7-5&ccb=7-5&_nc_sid=58cdad&efg=eyJ2ZW5jb2RlX3RhZyI6InhwaWRzLjE0NDB4OTYwLnNkci5DMyJ9&_nc_ohc=y0iv_35qnPcQ7kNvwEq77ya&_nc_oc=AdkYQAJ04NlbuTVPEIeXR5NXrmdPh6vhzc8-iqAf91gOWiKZK3WlnVJXON5a1lSyaGE&_nc_ad=z-m&_nc_cid=1207&_nc_zt=23&_nc_ht=scontent.cdninstagram.com&_nc_gid=mE0e3bNDKGUHJOJmoRGm8w&oh=00_AfggZUytb_uxvnd26i22sAORX3WIncZYu16WOBdxF0IGlw&oe=692A9750;Afyonkarahisar Eczacı Odası Başkanı Ecz. Hakan Demir ve beraberindeki eczacılarımızla görüş alışverişinde bulunduk.;
https://www.instagram.com/p/DQwhiGsiJoe/;Photo;665;3;0;7.11.2025 17:13;https://scontent.cdninstagram.com/v/t51.82787-15/573800586_18534585865037474_6606750943351301633_n.jpg?stp=dst-jpg_e35_tt6&_nc_cat=100&ig_cache_key=Mzc2MDY1MzE2ODA0MTA0MDQxNA%3D%3D.3-ccb7-5&ccb=7-5&_nc_sid=58cdad&efg=eyJ2ZW5jb2RlX3RhZyI6InhwaWRzLjE0NDB4OTYwLnNkci5DMyJ9&_nc_ohc=FK9m3pflcp4Q7kNvwEfYQrD&_nc_oc=AdnnG7LEApe9OamAsBXCzlWYbcUKbgkXfItHAJ1F1BCdiUCkZha0qGrNB6CwDCmE3-w&_nc_ad=z-m&_nc_cid=1207&_nc_zt=23&_nc_ht=scontent.cdninstagram.com&_nc_gid=mE0e3bNDKGUHJOJmoRGm8w&oh=00_AfjZ2g14yQFm-3kP2K3fF1oiM9xQHtcGQecIWrD7Z0GYVQ&oe=692AA605;Cumhuriyet Halk Partisi Çay İlçe Başkanımız Murat Cingöz ve Yönetim Kurulu Üyeleri ile görüş alışverişinde bulunduk.;
https://www.instagram.com/p/DQwdNWziKBG/;Carousel;1670;10;0;7.11.2025 16:35;https://scontent.cdninstagram.com/v/t51.82787-15/575598117_18534564985037474_8542353136506599720_n.jpg?stp=dst-jpg_e35_tt6&_nc_cat=109&ig_cache_key=Mzc2MDYzNDEzNDg1OTg4MjAwNQ%3D%3D.3-ccb7-5&ccb=7-5&_nc_sid=58cdad&efg=eyJ2ZW5jb2RlX3RhZyI6InhwaWRzLjE0NDB4OTYwLnNkci5DMyJ9&_nc_ohc=OeKs82Ha-lAQ7kNvwF5y1ve&_nc_oc=AdmhmgGJaLoLOhyZ4LOuMUFr-Ria6QoxUR_BH0k89xftTKgtUR2KupybkPqy-FRfWOE&_nc_ad=z-m&_nc_cid=1207&_nc_zt=23&_nc_ht=scontent.cdninstagram.com&_nc_gid=mE0e3bNDKGUHJOJmoRGm8w&oh=00_Afjmgje8RZC2QExajqtCFcHmhyIrYgRmYr_4GL-uYDgyGA&oe=692A93F1;Şehit Jandarma Er Rıfat Eren’in kızı Songül Eren ve Ahmet Karatosun çiftinin nikah akdini şahitler ve aileler huzurunda gerçekleştirdik.  Genç çiftimizi tebrik eder, ömür boyu mutluluklar dilerim.;
https://www.instagram.com/p/DQwS-15iBVa/;Carousel;1811;8;0;7.11.2025 15:06;https://scontent.cdninstagram.com/v/t51.82787-15/574043072_18534535447037474_7583966458132465483_n.jpg?stp=dst-jpg_e35_tt6&_nc_cat=111&ig_cache_key=Mzc2MDU4OTE1MDIxOTY5MjAyOQ%3D%3D.3-ccb7-5&ccb=7-5&_nc_sid=58cdad&efg=eyJ2ZW5jb2RlX3RhZyI6InhwaWRzLjE0NDB4OTYwLnNkci5DMyJ9&_nc_ohc=lZAHFVTClAQQ7kNvwGd0TI8&_nc_oc=AdmElVk6meYguVWn2Q7AQ5ieWKTgmSsNXLUBv7jPYjpiPBGuoqnokGV6VVSBJTmM2fQ&_nc_ad=z-m&_nc_cid=1207&_nc_zt=23&_nc_ht=scontent.cdninstagram.com&_nc_gid=mE0e3bNDKGUHJOJmoRGm8w&oh=00_AfiEMJG0H5bE2YI0eC5s_jAIfnk8gLKb6McSblq5SRYNaA&oe=692A953B;“İki Devlet, Tek Millet” anlayışıyla gönül birliği içinde olduğumuz Azerbaycan’ın Karabağ Zaferi’nin 5. yılı kutlu olsun. Zafer Meydanı’nda düzenlenen Karabağ Zaferi Sergisi’ni ziyaret ederek bu anlamlı günü kardeşlerimizle birlikte andık. Azerbaycan’ın kahraman ordusunu, tüm şehitlerini ve gazilerini minnetle anıyorum. 🇦🇿🇹🇷;
https://www.instagram.com/p/DQwNsQFiNgN/;Carousel;3502;34;0;7.11.2025 14:20;https://scontent.cdninstagram.com/v/t51.82787-15/575675897_18534530467037474_1165556016349840278_n.jpg?stp=dst-jpg_e35_tt6&_nc_cat=109&ig_cache_key=Mzc2MDU2NTg4NDYwODM3NTE5Nw%3D%3D.3-ccb7-5&ccb=7-5&_nc_sid=58cdad&efg=eyJ2ZW5jb2RlX3RhZyI6InhwaWRzLjE0NDB4OTU5LnNkci5DMyJ9&_nc_ohc=Xtk00WgIebEQ7kNvwFQ5Rz7&_nc_oc=AdndeghM9YgM99bHf5KQ452jnElTbw5vyGIm-mW97xcPy_yTKzxtHH6okbA2vpLtVOk&_nc_ad=z-m&_nc_cid=1207&_nc_zt=23&_nc_ht=scontent.cdninstagram.com&_nc_gid=mE0e3bNDKGUHJOJmoRGm8w&oh=00_AfiNCojDaL4tlntOH1FSOELZSBLEKLRGe_fZy2scmNZxKw&oe=692A8CD2;Yemek masasında da, sokakta da, her zaman halkımızla yan yanayız.  Halk Lokantamızda vatandaşlarımızla birlikte öğle yemeğimizi yedik, ardından sosyal tesislerimizde bir araya geldik. Afyonkarahisar’da her şeyin en iyisini hak eden halkımız için var gücümüzle çalışmaya devam edeceğiz.;
https://www.instagram.com/p/DQv3YeZABBA/;Carousel;714;12;0;7.11.2025 11:05;https://scontent.cdninstagram.com/v/t51.82787-15/576094988_18534496138037474_5686485609388802766_n.jpg?stp=dst-jpg_e35_tt6&_nc_cat=107&ig_cache_key=Mzc2MDQ2Nzc4MTg3NTY3NzAyNQ%3D%3D.3-ccb7-5&ccb=7-5&_nc_sid=58cdad&efg=eyJ2ZW5jb2RlX3RhZyI6InhwaWRzLjE0NDB4OTU5LnNkci5DMyJ9&_nc_ohc=amJG5LGAIdYQ7kNvwG1Yl--&_nc_oc=Adlse0oWJ-XXCII82LXwyUx8d_dZ6FNEfS_cnRaRRuirCsNtiM0WDzRqouOQYVXpE98&_nc_ad=z-m&_nc_cid=1207&_nc_zt=23&_nc_ht=scontent.cdninstagram.com&_nc_gid=mE0e3bNDKGUHJOJmoRGm8w&oh=00_Afj0Q5zKSptySoBoQW5YK4I_P7xxxkfmsbnVzfH6VyplLw&oe=692AA76B;Şehrimize gelen Sağlık Bakanı Sayın Kemal Memişoğlu’nu, protokol üyeleri ile birlikte karşıladık. Sayın Bakanımıza, Aile Sağlığı Merkezleri imar plan tadilat değişikliğiyle ilgili taleplerimizi ilettik.;
https://www.instagram.com/p/DQtmuxDiK2c/;Carousel;1976;48;0;6.11.2025 14:01;https://scontent.cdninstagram.com/v/t51.82787-15/573184584_18534207139037474_835014388018388350_n.jpg?stp=dst-jpg_e35_tt6&_nc_cat=109&ig_cache_key=Mzc1OTgzMTU5NDIxNTk1MjI3Ng%3D%3D.3-ccb7-5&ccb=7-5&_nc_sid=58cdad&efg=eyJ2ZW5jb2RlX3RhZyI6InhwaWRzLjE0NDB4OTU5LnNkci5DMyJ9&_nc_ohc=DVgHnGpIJacQ7kNvwGhOPqk&_nc_oc=Adkd1pxEvx1Mmaby_jPSNIa3McD476XTmAM67UQtjllTStSAlSV-gEMD4LLh2Sdo8WQ&_nc_ad=z-m&_nc_cid=1207&_nc_zt=23&_nc_ht=scontent.cdninstagram.com&_nc_gid=mE0e3bNDKGUHJOJmoRGm8w&oh=00_Afj4Rv79Rtpszeq4Np4Wy16-8uF1xK2R-X-znld4MwmqEA&oe=692AA3C9;Sabah Gazetesi Köşe Yazarı, Gazeteci Yavuz Donat ile görüş alışverişinde bulunduk.;
https://www.instagram.com/p/DQtjPMdCGot/;Carousel;1271;5;0;6.11.2025 13:30;https://scontent-mia3-2.cdninstagram.com/v/t51.82787-15/573546963_18534204190037474_3813258806878978041_n.jpg?stp=dst-jpg_e35_tt6&_nc_cat=103&ig_cache_key=Mzc1OTgxNjIyNDM3MzQ5MzY2NQ%3D%3D.3-ccb7-5&ccb=7-5&_nc_sid=58cdad&efg=eyJ2ZW5jb2RlX3RhZyI6InhwaWRzLjE0NDB4OTYwLnNkci5DMyJ9&_nc_ohc=b7b8nBMUw88Q7kNvwHa_Zav&_nc_oc=AdmYYDFytO7_cjwMWh4tlXureZmhi_6KcgbdDhLRvOAaDjdg3U088K7_D1bMwIc_HVVcenzF7QmxDOMHmh__RdVN&_nc_ad=z-m&_nc_cid=0&_nc_zt=23&_nc_ht=scontent-mia3-2.cdninstagram.com&_nc_gid=pr5D0XLTNlBJBWDueVlxxA&oh=00_AfiHAgl__VOWotTf8ntmBZz3azb2gsA8_NRbbsto1D2rTQ&oe=692A79B3;Kocatepe Görme Engelliler Spor Kulübü Başkanı Yusuf Şen, Eşi Semiha Şen ve Başkan Yardımcısı Muhammet Mustafa Başyiğit ile görüş alışverişinde bulunduk.;
https://www.instagram.com/p/DQrncBLiD_4/;Reels;810;27;81570;5.11.2025 19:29;https://scontent-mia3-3.cdninstagram.com/v/t51.82787-15/576102743_18534608788037474_4172767797727697716_n.jpg?stp=dst-jpg_e15_tt6&_nc_cat=109&ig_cache_key=Mzc1OTI3MTc2MzE5NzMxMzAxNjE4NTM0NjA4NzgyMDM3NDc0.3-ccb7-5&ccb=7-5&_nc_sid=58cdad&efg=eyJ2ZW5jb2RlX3RhZyI6InhwaWRzLjcyMHg0MDYuc2RyLkMzIn0%3D&_nc_ohc=IVZ_V6gmqsMQ7kNvwHeylJv&_nc_oc=AdmDIPGkyM7Eh6skoDBipkLQ25lZ-IjBY19Pcji6K0u7K8zmGpNYOxgibhisJpOu6qpUWpea0UTJbLXtu0J6V5gG&_nc_ad=z-m&_nc_cid=0&_nc_zt=23&_nc_ht=scontent-mia3-3.cdninstagram.com&_nc_gid=pr5D0XLTNlBJBWDueVlxxA&oh=00_AfipYRy3OCS4o-dKaamRoXSfMb4AImPZGMV3PF0L5VkVzw&oe=692A8DB9;LÖSEV mücadelesinin her zaman yanında olacağız! 🧡;
https://www.instagram.com/p/DQrg_q7iEoE/;Carousel;1123;8;0;5.11.2025 18:32;https://scontent-mia5-2.cdninstagram.com/v/t51.82787-15/573304686_18533972815037474_4427729923540731698_n.jpg?stp=dst-jpg_e35_tt6&_nc_cat=100&ig_cache_key=Mzc1OTI0MzQxMjg1NjM5NjkwMQ%3D%3D.3-ccb7-5&ccb=7-5&_nc_sid=58cdad&efg=eyJ2ZW5jb2RlX3RhZyI6InhwaWRzLjE0NDB4OTYwLnNkci5DMyJ9&_nc_ohc=VDqwl2jbcg0Q7kNvwEGlUuw&_nc_oc=Adl7GywPLjOqkxkKR7E_obyZGEo-_sAK72As2_ErsBZ8Tv3xljQgcSR6eNrZN3GxdSLADxByCPPC5_tV6UyVYWDx&_nc_ad=z-m&_nc_cid=0&_nc_zt=23&_nc_ht=scontent-mia5-2.cdninstagram.com&_nc_gid=pr5D0XLTNlBJBWDueVlxxA&oh=00_AfislW9vlCrlmZqKkSQdKndKDXkQRTcBfQ4LK51W-RkGFw&oe=692A86FF;Nuri Demirayak Parkımız yeniden hayat buldu. Yenilenen yeşil alanlarımızla, Afyonkarahisar’ı daha yaşanabilir bir şehir haline getirmeye devam ediyoruz.;
https://www.instagram.com/p/DQrbRIhiLcp/;Carousel;1566;6;0;5.11.2025 17:42;https://scontent-mia5-1.cdninstagram.com/v/t51.82787-15/572954961_18533943934037474_4987418971648042055_n.jpg?stp=dst-jpg_e35_tt6&_nc_cat=101&ig_cache_key=Mzc1OTIxODIxMDQwNzc0NTI4NA%3D%3D.3-ccb7-5&ccb=7-5&_nc_sid=58cdad&efg=eyJ2ZW5jb2RlX3RhZyI6InhwaWRzLjE0NDB4OTYwLnNkci5DMyJ9&_nc_ohc=JB6qoXsMZnoQ7kNvwEo7jBG&_nc_oc=AdnCUohAFOKihM1b-Sb1SSTrXsobNu-aexzfgObh797ffmCCRF_hNEGFMhrU9gtamWJrnUz1C5fp5RO4OA0hHzR5&_nc_ad=z-m&_nc_cid=0&_nc_zt=23&_nc_ht=scontent-mia5-1.cdninstagram.com&_nc_gid=pr5D0XLTNlBJBWDueVlxxA&oh=00_AfgX0812OOvOQhu4wtEoao3GkldMWqLRQIGP9C7pGL842g&oe=692A8771;Pınar kızımıza verdiğimiz sözümüzü tuttuk! Çocuklarımızın neşeyle oynayacağı, ailelerimizin huzurla vakit geçireceği bir yaşam alanını halkımızın hizmetine sunduk. Afyonkarahisar’da her mahallemiz yeşille, neşeyle, dayanışmayla güzelleşecek.;
https://www.instagram.com/p/DQq2egGCHEV/;Carousel;1872;11;0;5.11.2025 12:21;https://scontent-mia5-2.cdninstagram.com/v/t51.82787-15/572473986_18533878582037474_131636802202069537_n.jpg?stp=dst-jpg_e35_tt6&_nc_cat=100&ig_cache_key=Mzc1OTA1NjQxNDc1MzQyNTA2MA%3D%3D.3-ccb7-5&ccb=7-5&_nc_sid=58cdad&efg=eyJ2ZW5jb2RlX3RhZyI6InhwaWRzLjE0NDB4OTYwLnNkci5DMyJ9&_nc_ohc=LaNnZh_MvGgQ7kNvwEHnye5&_nc_oc=AdnSc09TqO5Br7jkZ6EH1baoyMkB5uvNFFgIeD38E6y2mt1Vrkk5pcTxEaMAZ8-l4Jssfg9Bvs8KDR_ZA_Y78gKM&_nc_ad=z-m&_nc_cid=0&_nc_zt=23&_nc_ht=scontent-mia5-2.cdninstagram.com&_nc_gid=pr5D0XLTNlBJBWDueVlxxA&oh=00_AfgBRo_QvHzKBSKAISz74TDKmbxen-nHFpQC-_Med_MbUQ&oe=692A7E49;Doğayla iç içe, üretken ve emek dolu yaşamlarıyla şehrimizin güzelliklerini yansıtan, Dağda Yaşam Ailesinden İlkay Tınaztepe ve annesi Eşe Tınaztepe’yi belediyemizde ağırladık. Ziyaretleri için kendilerine teşekkür ediyorum.;
https://www.instagram.com/p/DQqfGbMCIeR/;Photo;1497;43;0;5.11.2025 08:56;https://scontent-mia3-1.cdninstagram.com/v/t51.82787-15/574731053_18533853571037474_4799474568180965146_n.jpg?stp=dst-jpg_e35_tt6&_nc_cat=106&ig_cache_key=Mzc1ODk1MzYxOTk0NTcxOTY5Nw%3D%3D.3-ccb7-5&ccb=7-5&_nc_sid=58cdad&efg=eyJ2ZW5jb2RlX3RhZyI6InhwaWRzLjE0NDB4MTczMC5zZHIuQzMifQ%3D%3D&_nc_ohc=9Cce9WA1qJMQ7kNvwFx8-9i&_nc_oc=Adlgl4i1ImBHKOzGmNegUYbHUSs8vAiGIBrIZeedO0USqp8Ly2Dc1B_gVOUxnkiSc8XEG3ny4bO5lFwpWu1R9LMz&_nc_ad=z-m&_nc_cid=0&_nc_zt=23&_nc_ht=scontent-mia3-1.cdninstagram.com&_nc_gid=pr5D0XLTNlBJBWDueVlxxA&oh=00_AfiK9RMsDZthWm3qNFh33A_g0wCsbp3QcXdIzcMrmv3p-g&oe=692A9A06;"“Biz milliyetçiliği sokak duvarlarına değil; Kıbrıs’ın topraklarına, Ege’nin deniz yataklarına yazmışız. Biz milliyetçiliği Batı Anadolu’nun haşhaş tarlasına yazmışız.” Demokrasiye, özgürlüğe ve emek mücadelesine adanmış bir ömür… İlkeli siyaseti ve halkına duyduğu derin sevgiyle Türk siyasetinde iz bırakan Karaoğlan’ı, Bülent Ecevit’i aramızdan ayrılışının yıldönümünde saygı, sevgi ve özlemle anıyorum.";
https://www.instagram.com/p/DQo1zcJCK7c/;Carousel;1755;22;0;4.11.2025 17:36;https://scontent-mia3-3.cdninstagram.com/v/t51.82787-15/574859202_18533676325037474_1720596563625254081_n.jpg?stp=dst-jpg_e35_tt6&_nc_cat=109&ig_cache_key=Mzc1ODQ5MDQ4OTgzODkwNTk2OQ%3D%3D.3-ccb7-5&ccb=7-5&_nc_sid=58cdad&efg=eyJ2ZW5jb2RlX3RhZyI6InhwaWRzLjE0NDB4OTYwLnNkci5DMyJ9&_nc_ohc=bmOBdWpTBs4Q7kNvwHgUkNK&_nc_oc=Adk0aCNZ5hh5Xzzreqmo6vNgtjeei9Pj2zCUG4-LTbO3zVIesKsDIL0_-EkUlbbpDuKZFXW_o5jJAS53monnphr3&_nc_ad=z-m&_nc_cid=0&_nc_zt=23&_nc_ht=scontent-mia3-3.cdninstagram.com&_nc_gid=pr5D0XLTNlBJBWDueVlxxA&oh=00_AfgwPuEFiucknhHJUwupAH8H5XTXSe1VKWM20__wW6JgOw&oe=692A9742;Umudun, dayanışmanın ve yaşam mücadelesinin adı: LÖSEV!  Lösemiyle mücadele eden çocuklarımızın, ailelerinin ve gönüllülerin yüreğindeki ışık parkımızda parlamaya devam edecek. Afyonkarahisar Belediyesi olarak, LÖSEV’in verdiği bu büyük mücadelenin her zaman yanında olacağız.;
https://www.instagram.com/p/DQoXG2RCN6s/;Carousel;993;6;0;4.11.2025 13:08;https://scontent-mia3-2.cdninstagram.com/v/t51.82787-15/574643720_18533647288037474_1144843262677557565_n.jpg?stp=dst-jpg_e35_tt6&_nc_cat=107&ig_cache_key=Mzc1ODM1NTQ5MzA5NDQzMDY1MQ%3D%3D.3-ccb7-5&ccb=7-5&_nc_sid=58cdad&efg=eyJ2ZW5jb2RlX3RhZyI6InhwaWRzLjE0NDB4OTYwLnNkci5DMyJ9&_nc_ohc=qRZd7iQmdE8Q7kNvwGTHbD2&_nc_oc=Adl3M5b3PzWb3tHjO7vfCsCj2qXdBu8LCY0ukwwVT6Zivf9xL0WyvtXoBVPgenkBSbeInghv01HJYg-yTGa5x2A6&_nc_ad=z-m&_nc_cid=0&_nc_zt=23&_nc_ht=scontent-mia3-2.cdninstagram.com&_nc_gid=pr5D0XLTNlBJBWDueVlxxA&oh=00_AfiMF4SR-l1bRz-ddTcR2nYXD3dnu5pfr6qBNJON5nnQSw&oe=692A9CF8;Cumhuriyet Halk Partisi Sandıklı İlçe Başkanımız Raşit Güneş ve Yönetim Kurulu Üyeleri ile görüş alışverişinde bulunduk.;
https://www.instagram.com/p/DQoJYaACNze/;Photo;991;18;0;4.11.2025 11:08;https://scontent-mia5-1.cdninstagram.com/v/t51.82787-15/573833414_18533637196037474_3433965220740602566_n.jpg?stp=dst-jpg_e35_tt6&_nc_cat=102&ig_cache_key=Mzc1ODI5NTE0ODY0NDU4ODc2Ng%3D%3D.3-ccb7-5&ccb=7-5&_nc_sid=58cdad&efg=eyJ2ZW5jb2RlX3RhZyI6InhwaWRzLjE0NDB4MTczMC5zZHIuQzMifQ%3D%3D&_nc_ohc=mG1cgu8XAgYQ7kNvwE4Ri3C&_nc_oc=AdmHmwe91kpwhyd-96Ia9oSIfcChkgau-JOuHhJAPErpz0KhJHBetqPxfGI772EYObxxfHUzBBhjU7kAjeQo_vAT&_nc_ad=z-m&_nc_cid=0&_nc_zt=23&_nc_ht=scontent-mia5-1.cdninstagram.com&_nc_gid=pr5D0XLTNlBJBWDueVlxxA&oh=00_AfgHXuW-jDIl3itnOAe00b6HhYp3QY2t_fj8ZZlzDg6xgA&oe=692A7711;Nuri Demirayak Parkımızı yenileyerek çocuklarımız ve ailelerimiz için daha keyifli bir hale getirdik.💙  🗓️ 5 Kasım 🕞 15.30 📍 Mareşal Fevzi Çakmak Mahallesi 430-435 Sokak;
https://www.instagram.com/p/DQoBOP9CO5h/;Photo;1104;16;0;4.11.2025 09:57;https://scontent-mia3-2.cdninstagram.com/v/t51.82787-15/572908423_18533631925037474_5712386911966973906_n.jpg?stp=dst-jpg_e35_tt6&_nc_cat=107&ig_cache_key=Mzc1ODI1OTI2NjI4OTk4NzE2OQ%3D%3D.3-ccb7-5&ccb=7-5&_nc_sid=58cdad&efg=eyJ2ZW5jb2RlX3RhZyI6InhwaWRzLjE0NDB4MTczMC5zZHIuQzMifQ%3D%3D&_nc_ohc=z5XdBV9ie0UQ7kNvwGR9IdN&_nc_oc=AdnmpDpvBlM1GH8jvzsz1Vo4S0zppghtVM_WZsmQ8qTu_JIM8310HfQhSlygfTmPzI6zc5WvAlFebCVJegf6OxJ4&_nc_ad=z-m&_nc_cid=0&_nc_zt=23&_nc_ht=scontent-mia3-2.cdninstagram.com&_nc_gid=pr5D0XLTNlBJBWDueVlxxA&oh=00_AfhgPbttXUheA3iYxEb_INUk6_LQ1xxVFYnQYhYQa6gPZQ&oe=692A89D5;Her çocuk bir dünyadır! 💚 Biz de o dünyalardan birine dokunmak istedik. Pınar’ın adını yaşatacağımız parkımızı açıyoruz.  🗓️ 5 Kasım  🕒 15.00 📍 Ali İhsan Paşa Mahallesi 520 Sokak;
https://www.instagram.com/p/DQml2MLiERB/;Carousel;1849;17;0;3.11.2025 20:38;https://scontent-mia5-2.cdninstagram.com/v/t51.82787-15/573335914_18533543944037474_6857203699884959459_n.jpg?stp=dst-jpg_e35_tt6&_nc_cat=100&ig_cache_key=Mzc1Nzg1NzM3Njg2MzUzMzcyMQ%3D%3D.3-ccb7-5&ccb=7-5&_nc_sid=58cdad&efg=eyJ2ZW5jb2RlX3RhZyI6InhwaWRzLjE0NDB4OTYwLnNkci5DMyJ9&_nc_ohc=UTVb__U7JJsQ7kNvwE3iTS3&_nc_oc=AdkWIjBSmYtonkuntXKzOhcz3xrs-3AK_G_4gfyEPXsOwThPgqeXhBaHXvCyIWw3ux-aoU_wf8KNNzMXukCFuFW0&_nc_ad=z-m&_nc_cid=0&_nc_zt=23&_nc_ht=scontent-mia5-2.cdninstagram.com&_nc_gid=pr5D0XLTNlBJBWDueVlxxA&oh=00_AfizNnAZ6Zeg6ndYM3Y6VwcVHuZxR7Id4vpfwYenTG_Z9w&oe=692A989A;2025 Yılı Kasım Ayı Belediye Meclis toplantımızı gerçekleştirdik. Toplantımızda şehrimiz adına önemli kararlar alarak, gündemimizdeki maddeleri değerlendirdik. Afyonkarahisarımız için çözüm odaklı adımlar atmaya devam ediyoruz.;
https://www.instagram.com/p/DQmFNcRiHEl/;Carousel;2210;14;0;3.11.2025 15:53;https://scontent-mia5-1.cdninstagram.com/v/t51.82787-15/571862053_18533502358037474_4354405593612748558_n.jpg?stp=dst-jpg_e35_tt6&_nc_cat=104&ig_cache_key=Mzc1NzcxMzg0MTUxNDM5MzY4OA%3D%3D.3-ccb7-5&ccb=7-5&_nc_sid=58cdad&efg=eyJ2ZW5jb2RlX3RhZyI6InhwaWRzLjE0NDB4OTYwLnNkci5DMyJ9&_nc_ohc=lHlkFmmRUoAQ7kNvwFn4bbS&_nc_oc=AdnAg1O60e6oWcKzKBFl5zKXDXQ0owQSBO_3FTgo5Cv3iIzmxvxsbT_Q4Ao804l9KtRarg5hNs20YlVoni3We-FH&_nc_ad=z-m&_nc_cid=0&_nc_zt=23&_nc_ht=scontent-mia5-1.cdninstagram.com&_nc_gid=pr5D0XLTNlBJBWDueVlxxA&oh=00_AfjAJNRmfnzVCRvDzrhY1GKUI_zqhY3xqDhogNw0IvH6VQ&oe=692AA6BD;Eylül Ayı Meclis Toplantımızda, Ali İhsan Paşa Mahallemizdeki Defne Sokak’ın ismini ‘Şehit Murat Korkmaz Sokağı’ olarak değiştirme kararını almıştık. Şehidimizin kızı Esma Korkmaz, Türkiye Harp Malulü Gaziler, Şehit Dul ve Yetimleri Derneği Afyonkarahisar Şube Başkanı İsmail Kumartaşlı, Şehit Babaları Fuat Saraç, Süleyman Üye ve Gazi Cihan İlhan’ı misafir ettik. Bu vatan için canını feda eden tüm şehitlerimizi bir kez daha rahmet, minnet ve saygıyla anıyorum.  Onların aziz hatıralarını yaşatmak, bizim en büyük sorumluluğumuzdur.;
https://www.instagram.com/p/DQmAToiCJJY/;Photo;1131;25;0;3.11.2025 15:10;https://scontent.cdninstagram.com/v/t51.82787-15/572145771_18533496493037474_7032716887247824578_n.jpg?stp=dst-jpg_e35_tt6&_nc_cat=100&ig_cache_key=Mzc1NzY5MjI4ODI3Nzk3NTY0MA%3D%3D.3-ccb7-5&ccb=7-5&_nc_sid=58cdad&efg=eyJ2ZW5jb2RlX3RhZyI6InhwaWRzLjE0NDB4MTczMC5zZHIuQzMifQ%3D%3D&_nc_ohc=qMj35vLr-vAQ7kNvwGjO14B&_nc_oc=Adm_K40EgsYzh_3j3TBLH7_tmV4JHhuwAxaiFYX4npfdEghchDdWrzNa5ZHOVUuXLhs&_nc_ad=z-m&_nc_cid=0&_nc_zt=23&_nc_ht=scontent.cdninstagram.com&_nc_gid=T9D4M5UoM9Wtysk2C6UB0w&oh=00_AfgGP9eypvZ4GWv-xJJZofVcEZhbrqXkpSmwSlFIzltEAg&oe=692A7BB6;Lösemiyle mücadele eden çocuklarımızın azmini ve hayata bağlılığını unutmamak için LÖSEV adını yaşatıyoruz! 🧡  🗓️ 4 Kasım 🕒 15.00 📍 Selçuklu Mahallesi Şehit İrfan Sefa Caddesi (Altınoluk Camii Karşısı);
https://www.instagram.com/p/DQj9G8oCCEM/;Photo;6541;174;0;2.11.2025 20:04;https://scontent.cdninstagram.com/v/t51.82787-15/571210749_18533366233037474_7674220293082730149_n.jpg?stp=dst-jpg_e35_tt6&_nc_cat=101&ig_cache_key=Mzc1NzExNTI3MjQwNzI5NDIyMA%3D%3D.3-ccb7-5&ccb=7-5&_nc_sid=58cdad&efg=eyJ2ZW5jb2RlX3RhZyI6InhwaWRzLjkwOXgxMjEyLnNkci5DMyJ9&_nc_ohc=i04kRAMDQ5gQ7kNvwHmVzKb&_nc_oc=Adlv8wVMDBOP6CfsYXCfpbIkrib1jXmvUQ3eKE0n3iKqyB-hQRroM-j3I-JPeNQNn4I&_nc_ad=z-m&_nc_cid=0&_nc_zt=23&_nc_ht=scontent.cdninstagram.com&_nc_gid=T9D4M5UoM9Wtysk2C6UB0w&oh=00_AfgD39sP9OoR_t7z14a-1O7e9fagItZSw9AHQ4js8LjBNQ&oe=692A731A;"Afyonkarahisar, Çay ilçesi, Akkonak Köyü nüfusuna kayıtlı Piyade Uzman Çavuş Altay Aktaş’ın izinli olarak bulunduğu memleketinde trafik kazası sonucu hayatını kaybettiğini üzüntüyle öğrendim.  Kendisine Allah’tan rahmet; kederli ailesine sabır ve başsağlığı diliyorum.";
https://www.instagram.com/p/DQi4FaeiIqf/;Photo;1307;37;0;2.11.2025 10:01;https://scontent.cdninstagram.com/v/t51.82787-15/572675421_18533293096037474_5852576871306337258_n.jpg?stp=dst-jpg_e35_tt6&_nc_cat=110&ig_cache_key=Mzc1NjgxMTcwMTgxMTk3Mjc2Nw%3D%3D.3-ccb7-5&ccb=7-5&_nc_sid=58cdad&efg=eyJ2ZW5jb2RlX3RhZyI6InhwaWRzLjEyOTB4ODk3LnNkci5DMyJ9&_nc_ohc=b6ttqXHUzukQ7kNvwEROnj4&_nc_oc=AdnEaKb30V3dHcvokYPs1Wv7QVzxGjdNKlAgj8txqMkSdZMrt6fitwRI_3kHWQ8T-Lc&_nc_ad=z-m&_nc_cid=0&_nc_zt=23&_nc_ht=scontent.cdninstagram.com&_nc_gid=T9D4M5UoM9Wtysk2C6UB0w&oh=00_Afj0sBTsiXncxzGzeeab9BR0stdexGhFX6lrYQ1nzpJIaQ&oe=692A993C;;
https://www.instagram.com/p/DQdn_LLiMqZ/;Photo;1420;51;0;31.10.2025 09:04;https://scontent.cdninstagram.com/v/t51.82787-15/572124493_18532939402037474_2152272872229501862_n.jpg?stp=dst-jpg_e35_tt6&_nc_cat=107&ig_cache_key=Mzc1NTMzMzUyOTQ0MjUwMzMyMQ%3D%3D.3-ccb7-5&ccb=7-5&_nc_sid=58cdad&efg=eyJ2ZW5jb2RlX3RhZyI6InhwaWRzLjE0NDB4MTczMC5zZHIuQzMifQ%3D%3D&_nc_ohc=XsiOj-GS7bgQ7kNvwFGeb2V&_nc_oc=Adkg4TKqBLpPSK5VF8w9c8s_D7prHQpMdiO3Up0FewRQIovMW9_4F1B-RIBTnKOSLAQ&_nc_ad=z-m&_nc_cid=0&_nc_zt=23&_nc_ht=scontent.cdninstagram.com&_nc_gid=T9D4M5UoM9Wtysk2C6UB0w&oh=00_AfhDVlQS5PXbo5S9iaHSE2-H5CkhHNZ5_B8SDKsXUXl2wg&oe=692A98B2;Erdal İnönü’yü aramızdan ayrılışının yıl dönümünde saygı, sevgi ve özlemle anıyoruz.  Bilime, demokrasiye ve insanlığa olan katkılarıyla her zaman hafızalarımızda yaşayacak.;
https://www.instagram.com/p/DQcG8nniOdM/;Reels;2298;61;91821;30.10.2025 18:57;https://scontent.cdninstagram.com/v/t51.71878-15/573713105_1539346690547602_5841587936552130366_n.jpg?stp=dst-jpg_e15_tt6&_nc_cat=102&ig_cache_key=Mzc1NDkwNjc0MzMwNzAzNjQ5Mg%3D%3D.3-ccb7-5&ccb=7-5&_nc_sid=58cdad&efg=eyJ2ZW5jb2RlX3RhZyI6InhwaWRzLjY0MHgzNjAuc2RyLkMzIn0%3D&_nc_ohc=9KLE6D0ZC1AQ7kNvwGpvkyv&_nc_oc=AdmAvnYKqrjxr09RSkk6tfgwUQl_sLo9kQEDR0cGnnm-E16cfLTCn1D1MqYvB31dq0g&_nc_ad=z-m&_nc_cid=0&_nc_zt=23&_nc_ht=scontent.cdninstagram.com&_nc_gid=T9D4M5UoM9Wtysk2C6UB0w&oh=00_Afjp3Z-ggr9MQApU98D4vGd83NPN-MOmL6uBPwL0ABfk2g&oe=692A88FC;Yaşasın 102 Yıllık Şanlı Cumhuriyetimiz! 🇹🇷;
https://www.instagram.com/p/DQbYdMVAPr6/;Photo;281;2;0;30.10.2025 12:10;https://scontent.cdninstagram.com/v/t51.82787-15/570615599_18532792423037474_8835638720808644169_n.jpg?stp=dst-jpg_e35_tt6&_nc_cat=104&ig_cache_key=Mzc1NDcwMjI3MzU2MTgxOTg5OA%3D%3D.3-ccb7-5&ccb=7-5&_nc_sid=58cdad&efg=eyJ2ZW5jb2RlX3RhZyI6InhwaWRzLjE0NDB4MTczMC5zZHIuQzMifQ%3D%3D&_nc_ohc=YjoNjDRj8Y4Q7kNvwEb3dfx&_nc_oc=Admvwa2JbJ0JL14zzDvlh5wVhbOxEWtvjdHTUnJpU6jmRVgH8oZWMqPs-R28-k9WeTw&_nc_ad=z-m&_nc_cid=0&_nc_zt=23&_nc_ht=scontent.cdninstagram.com&_nc_gid=T9D4M5UoM9Wtysk2C6UB0w&oh=00_AfiTQyiqmVGp3nfpFdzuTLy0ISn24AQXZeHKZuXV5tBgyA&oe=692A9B18;"İyiliğin, umudun ve insanlığın simgesi olan Kızılay Haftası’nı kutluyor; emeğiyle, yüreğiyle insanlığa dokunan herkese teşekkür ediyorum.";
https://www.instagram.com/p/DQZ0zG3gKuF/;Carousel;2512;16;0;29.10.2025 21:39;https://scontent.cdninstagram.com/v/t51.82787-15/573055242_18532676380037474_6553433189190055395_n.jpg?stp=dst-jpg_e35_tt6&_nc_cat=100&ig_cache_key=Mzc1NDI2Mzk2Mzc5NDE3NTIxNg%3D%3D.3-ccb7-5&ccb=7-5&_nc_sid=58cdad&efg=eyJ2ZW5jb2RlX3RhZyI6InhwaWRzLjE0NDB4OTYwLnNkci5DMyJ9&_nc_ohc=pGzl2quUTNQQ7kNvwE9OHtw&_nc_oc=Adns49h2TRYo0JbS29diu3lvebuSkFBXzHFLYJhhonkEuzGJzl8YB6vu-COZC5VgtGE&_nc_ad=z-m&_nc_cid=0&_nc_zt=23&_nc_ht=scontent.cdninstagram.com&_nc_gid=T9D4M5UoM9Wtysk2C6UB0w&oh=00_AfhYxsGISdxw3EuFK7FZif2DyMnFVLqk51iA51SYIJ-LEQ&oe=692A7A41;"Cumhuriyetimizin 102. Yılı kutlamaları kapsamında, Valimiz Kübra Güran Yiğitbaşı’nın ev sahipliğinde düzenlenen Kabul Töreni’ne katıldık. Cumhuriyetimizin kazanımlarını, Gazi Mustafa Kemal Atatürk ve silah arkadaşlarının bizlere mirasını gururla anıyor; nice 102. yılları aynı coşkuyla kutlamayı diliyorum.";
https://www.instagram.com/p/DQZvBgxCNyW/;Carousel;3502;40;0;29.10.2025 20:48;https://scontent.cdninstagram.com/v/t51.82787-15/571765277_18532670077037474_2110882969828547124_n.jpg?stp=dst-jpg_e35_tt6&_nc_cat=108&ig_cache_key=Mzc1NDIzODU1NTU5MDI3MjUyOA%3D%3D.3-ccb7-5&ccb=7-5&_nc_sid=58cdad&efg=eyJ2ZW5jb2RlX3RhZyI6InhwaWRzLjE0NDB4OTYwLnNkci5DMyJ9&_nc_ohc=_jM6b54lRwUQ7kNvwG41R_P&_nc_oc=Adkklt5qrrxuH2HY7tmunwP8IRFCYuHofortASP16iqxGheajx1-fsu5Welk4HuNbgg&_nc_ad=z-m&_nc_cid=0&_nc_zt=23&_nc_ht=scontent.cdninstagram.com&_nc_gid=T9D4M5UoM9Wtysk2C6UB0w&oh=00_AfiJhskIc7l_Yg2-cR7ZiP-hZdFxG8XDnUCJfJCaW-NB7A&oe=692A9426;Cumhuriyetimizin 102. yıl coşkusunu, binlerce hemşehrimizle birlikte Fener Alayımızda yaşadık. Zaferin şehrinden Cumhuriyetimize sonsuz bir sevgiyle…❤️🇹🇷;
https://www.instagram.com/p/DQZY4QuCAJt/;Photo;928;5;0;29.10.2025 17:35;https://scontent.cdninstagram.com/v/t51.82787-15/572795139_18532640860037474_1578943486855802969_n.jpg?stp=dst-jpg_e35_tt6&_nc_cat=109&ig_cache_key=Mzc1NDE0MTE4Mzc0OTEyODgxMw%3D%3D.3-ccb7-5&ccb=7-5&_nc_sid=58cdad&efg=eyJ2ZW5jb2RlX3RhZyI6InhwaWRzLjEyNTF4ODU1LnNkci5DMyJ9&_nc_ohc=UKadDv_0W6gQ7kNvwEH8dda&_nc_oc=AdkoDU7N2Qe6oclf_J3mztD1A727oc-UsLn9tGoEYHX4hOSg3lyREiVnA5F30H1RR8k&_nc_ad=z-m&_nc_cid=0&_nc_zt=23&_nc_ht=scontent.cdninstagram.com&_nc_gid=T9D4M5UoM9Wtysk2C6UB0w&oh=00_AfjoZiLjsYmv8q3iZyeGw0pLaNtepNkXeBkhqLx0Hsf8Vg&oe=692A7DBA;;
https://www.instagram.com/p/DQZSCjHCA0C/;Carousel;1149;2;0;29.10.2025 16:35;https://scontent.cdninstagram.com/v/t51.82787-15/571282911_18532631854037474_2546704580254207977_n.jpg?stp=dst-jpg_e35_tt6&_nc_cat=100&ig_cache_key=Mzc1NDExMTA4MjM0NTAzMjc5NQ%3D%3D.3-ccb7-5&ccb=7-5&_nc_sid=58cdad&efg=eyJ2ZW5jb2RlX3RhZyI6InhwaWRzLjE0NDB4OTU5LnNkci5DMyJ9&_nc_ohc=T83ZmYCYcMwQ7kNvwGdjMgY&_nc_oc=AdmrRjI9ViwFL3WKPS5-vRO8HmMmkDfZLb840G7v28HGRr2JJ1Jw5gBKm0yZAEMh14w&_nc_ad=z-m&_nc_cid=0&_nc_zt=23&_nc_ht=scontent.cdninstagram.com&_nc_gid=T9D4M5UoM9Wtysk2C6UB0w&oh=00_AfipUOh0bq20_VxYDV-iCB_MJjBxeKvM5Fb1BituIZ6LEw&oe=692A77B8;Cumhuriyet Halk Partisi Afyonkarahisar İl Başkanlığımız tarafından 29 Ekim Cumhuriyet Bayramı sebebiyle düzenlenen, Kocatepe Parkı Atatürk Anıtı’na çelenk sunma törenine katıldık. Gazi Mustafa Kemal Atatürk ve silah arkadaşlarını, vatanımız uğruna canlarını veren tüm kahraman şehitlerimizi rahmet ve saygı ile anıyorum. Emanetlerine sonsuza kadar sahip çıkacağız. 🇹🇷;
https://www.instagram.com/p/DQZNo5WiH0K/;Carousel;2611;10;0;29.10.2025 15:57;https://scontent.cdninstagram.com/v/t51.82787-15/571908171_18532625302037474_931485230392763767_n.jpg?stp=dst-jpg_e35_tt6&_nc_cat=106&ig_cache_key=Mzc1NDA5MTY5NDE5OTk0Nzg3Ng%3D%3D.3-ccb7-5&ccb=7-5&_nc_sid=58cdad&efg=eyJ2ZW5jb2RlX3RhZyI6InhwaWRzLjE0NDB4OTYwLnNkci5DMyJ9&_nc_ohc=_54PU01pkUoQ7kNvwEFPvz0&_nc_oc=AdkuPf2lpCY3hQGbhm98oFqJAbP9lr5iHE5lwMF-_oXh-4gMjPHRr0UIsBSjkal-SCY&_nc_ad=z-m&_nc_cid=0&_nc_zt=23&_nc_ht=scontent.cdninstagram.com&_nc_gid=T9D4M5UoM9Wtysk2C6UB0w&oh=00_AfiO27nUbp3XKjGXPHp6d6LPLMACOCyfZnJhJfYupQ_I4A&oe=692A8017;"Cumhuriyetimizin 102. yılında, Gazi Mustafa Kemal Atatürk’ün bizlere emanet ettiği bu eşsiz değeri; aynı inanç, aynı kararlılık ve aynı gururla kutluyoruz. Kocatepe’den yükselen bağımsızlık ateşiyle büyüyen bu millet, Cumhuriyet’le var oldu; Cumhuriyet’le sonsuza dek yaşayacak! Cumhuriyet Bayramımız Kutlu Olsun! 🇹🇷";
https://www.instagram.com/p/DQYzwYOgN8H/;Carousel;1059;7;0;29.10.2025 12:11;https://scontent.cdninstagram.com/v/t51.82787-15/571396618_18532593946037474_2744076982816228275_n.jpg?stp=dst-jpg_e35_tt6&_nc_cat=110&ig_cache_key=Mzc1Mzk3NzkwNzAyNjg4NjM3Mw%3D%3D.3-ccb7-5&ccb=7-5&_nc_sid=58cdad&efg=eyJ2ZW5jb2RlX3RhZyI6InhwaWRzLjE0NDB4OTYwLnNkci5DMyJ9&_nc_ohc=e-F8HgcTucsQ7kNvwHh3Mj7&_nc_oc=AdmISTpCNlUd4rLYBIwdGW-bqtjkbTA4MTQ0cRzb9_Ghh0rHeQa3kidx5YI0fh1_wrY&_nc_ad=z-m&_nc_cid=0&_nc_zt=23&_nc_ht=scontent.cdninstagram.com&_nc_gid=T9D4M5UoM9Wtysk2C6UB0w&oh=00_Afi3lGNPkq1P7XKLTN2hzV6xc1gg_awZJALrEM2iFFsr0w&oe=692A89AA;29 Ekim Cumhuriyet Bayramı kutlamaları çerçevesinde, il protokolümüzle birlikte Afyonkarahisar Valimiz Kübra Güran Yiğitbaşı’nı ziyaret ettik.;
https://www.instagram.com/p/DQYXVnLCOgX/;Photo;4610;57;0;29.10.2025 08:02;https://scontent.cdninstagram.com/v/t51.82787-15/572814966_18532573090037474_1071943524077882607_n.jpg?stp=dst-jpg_e35_tt6&_nc_cat=108&ig_cache_key=Mzc1Mzg1MjkyOTY1MzEzOTQ3OQ%3D%3D.3-ccb7-5&ccb=7-5&_nc_sid=58cdad&efg=eyJ2ZW5jb2RlX3RhZyI6InhwaWRzLjE0NDB4MTczMC5zZHIuQzMifQ%3D%3D&_nc_ohc=btHelU83iFIQ7kNvwGVlBhN&_nc_oc=AdlzjQ16kVbmmQTRQ2RqFEaFWpi1zvOL8v8wPd489PSzpxfbUfE5lpQh5gliypsElRM&_nc_ad=z-m&_nc_cid=0&_nc_zt=23&_nc_ht=scontent.cdninstagram.com&_nc_gid=aiATBfCFfS9YzNE4mrLN0w&oh=00_AfhWMXsXbZtG1gEcOXeO1CaZzNbR8JbeqDzcbEEAsTNW8A&oe=692A72D7;"29 Ekim, milletimizin yeniden ayağa kalktığı, özgürlüğü ve iradesini ilan ettiği gündür. 102 yıl önce yakılan o bağımsızlık meşalesi, bugün de aynı gururla, aynı inançla yanıyor. Cumhuriyet; bu ülkenin en büyük eseri, en güçlü birleştiricisidir. Atatürk’ün izinde, Cumhuriyetimizin ışığıyla daima ileriye! YAŞASIN CUMHURİYET! 🇹🇷";
https://www.instagram.com/p/DQW8UR2CBU0/;Reels;2824;47;104348;28.10.2025 18:57;https://scontent.cdninstagram.com/v/t51.71878-15/569443727_853932366968528_2895386789651189416_n.jpg?stp=dst-jpg_e15_tt6&_nc_cat=106&ig_cache_key=Mzc1MzQ1MjYxNTgwMDE5ODQ1Mg%3D%3D.3-ccb7-5&ccb=7-5&_nc_sid=58cdad&efg=eyJ2ZW5jb2RlX3RhZyI6InhwaWRzLjY0MHgzNjAuc2RyLkMzIn0%3D&_nc_ohc=u8LLOw20wkwQ7kNvwH1Wpxi&_nc_oc=AdnGwH62aX6qZoSRYgkBmZZcD7r-7VKUM8xhSP16_LZAveB3AgtUT_j3r1_STwgrfCY&_nc_ad=z-m&_nc_cid=0&_nc_zt=23&_nc_ht=scontent.cdninstagram.com&_nc_gid=aiATBfCFfS9YzNE4mrLN0w&oh=00_AfihfyglrFr8fvTT8Z-RDac12r3kUCl8KRheRweKVIADzQ&oe=692A9743;Burası, Cumhuriyet’in kazanıldığı topraklar… 🇹🇷;
https://www.instagram.com/p/DQWgx4wCJYm/;Carousel;4563;43;0;28.10.2025 14:46;https://scontent.cdninstagram.com/v/t51.82787-15/573720862_18532457839037474_7796671922474110559_n.jpg?stp=dst-jpg_e35_tt6&_nc_cat=102&ig_cache_key=Mzc1MzMzMTQ5NTE3MjMxOTkzNA%3D%3D.3-ccb7-5&ccb=7-5&_nc_sid=58cdad&efg=eyJ2ZW5jb2RlX3RhZyI6InhwaWRzLjE0NDB4OTYwLnNkci5DMyJ9&_nc_ohc=RXQLe8jL1zEQ7kNvwHWQXiS&_nc_oc=AdmlmrZsDwp0NAQpoo-PNYkx_GPONGDSrEZOqzs0bJ4HqHFHKa2cA3GRw6486wEII6U&_nc_ad=z-m&_nc_cid=0&_nc_zt=23&_nc_ht=scontent.cdninstagram.com&_nc_gid=aiATBfCFfS9YzNE4mrLN0w&oh=00_Afhevjr4b3ycZBgv6dHEZ9VL6xbfuBg8yK-mWykbKnlDsQ&oe=692A85BB;29 Ekim Cumhuriyet Bayramı’mızın 102. yıl dönümünde, Kocatepe Parkı’ndaki Atatürk Anıtı önünde kahramanlarımızı minnetle andık.  Cumhuriyetimizin mimarı Büyük Önderimiz Gazi Mustafa Kemal Atatürk ve silah arkadaşlarına sonsuz minnet ve saygıyla… 🇹🇷;
https://www.instagram.com/p/DQWeE66CDhT/;Carousel;1146;6;0;28.10.2025 14:23;https://scontent.cdninstagram.com/v/t51.82787-15/573915761_18532455250037474_4666576658957649451_n.jpg?stp=dst-jpg_e35_tt6&_nc_cat=108&ig_cache_key=Mzc1MzMxOTYwMDkyMzEzNDI1OA%3D%3D.3-ccb7-5&ccb=7-5&_nc_sid=58cdad&efg=eyJ2ZW5jb2RlX3RhZyI6InhwaWRzLjE0NDB4OTYwLnNkci5DMyJ9&_nc_ohc=pmEN0HQXax0Q7kNvwHYg-kq&_nc_oc=Admx1FrRcoDWy0JWhPk9HK0vCWRVV4FbP5CTm-4hfTas7L52SX3VttTPoXT1goRD5BI&_nc_ad=z-m&_nc_cid=0&_nc_zt=23&_nc_ht=scontent.cdninstagram.com&_nc_gid=aiATBfCFfS9YzNE4mrLN0w&oh=00_AfjfJIg74aSw0RTuU-D868r96Ry_ICdIoPJG3XlNPUM0AQ&oe=692A74FC;Emniyet Teşkilatı Vazife Malulü ve Şehit Aileleri Vakfı Genel Başkan Yardımcısı Ahmet Kavlak ve İl Başkanı Osman Güllü ile görüş alışverişinde bulunduk.;
https://www.instagram.com/p/DQV_puiiIxT/;Photo;2508;21;0;28.10.2025 09:57;https://scontent.cdninstagram.com/v/t51.82787-15/571467442_18532431943037474_7319952536467007349_n.jpg?stp=dst-jpg_e35_tt6&_nc_cat=110&ig_cache_key=Mzc1MzE4NTgwODg4MzQyMDI0Mw%3D%3D.3-ccb7-5&ccb=7-5&_nc_sid=58cdad&efg=eyJ2ZW5jb2RlX3RhZyI6InhwaWRzLjEyOTB4MTI3Ny5zZHIuQzMifQ%3D%3D&_nc_ohc=0Qy6-Gke100Q7kNvwHFlN1t&_nc_oc=AdkUL2EQyT6ZMDWPkiiLnnfIa99Jc32xlU9_-fL1y11TgHg7J3SnboFwELkX_8qAcFc&_nc_ad=z-m&_nc_cid=0&_nc_zt=23&_nc_ht=scontent.cdninstagram.com&_nc_gid=aiATBfCFfS9YzNE4mrLN0w&oh=00_Afid8PBt2TMOpUuzBuqr9-b5x10qyWMxLVcvAFPU3iVadw&oe=692A7103;;
https://www.instagram.com/p/DQU01M5gCUM/;Photo;2620;35;0;27.10.2025 23:03;https://scontent.cdninstagram.com/v/t51.82787-15/570694200_18532367296037474_5080005456483742787_n.jpg?stp=dst-jpg_e35_tt6&_nc_cat=100&ig_cache_key=Mzc1Mjg1Njc0MzkwNjkxMTUwMA%3D%3D.3-ccb7-5&ccb=7-5&_nc_sid=58cdad&efg=eyJ2ZW5jb2RlX3RhZyI6InhwaWRzLjE0NDB4MTczMC5zZHIuQzMifQ%3D%3D&_nc_ohc=lQs7f39zo8kQ7kNvwFvO8JV&_nc_oc=AdlCVCh_KH-PDsYAMEdylm8AnDkJmUtXw-xIJZ93W2eC8l_IOV9lbyd_Orp56nkPO94&_nc_ad=z-m&_nc_cid=0&_nc_zt=23&_nc_ht=scontent.cdninstagram.com&_nc_gid=aiATBfCFfS9YzNE4mrLN0w&oh=00_Afg2hQDUk5wjmWwqOe2vwP0-9bpoVIr_HzAbH4d9_vLRog&oe=692A8DA8;Geçmiş Olsun Balıkesir;
https://www.instagram.com/p/DQUPV-0iMWH/;Carousel;2419;63;0;27.10.2025 17:35;https://scontent.cdninstagram.com/v/t51.82787-15/571566952_18532286236037474_6756466031314005906_n.jpg?stp=dst-jpg_e35_tt6&_nc_cat=103&ig_cache_key=Mzc1MjY5MTg1NDYxODQxMjU0Ng%3D%3D.3-ccb7-5&ccb=7-5&_nc_sid=58cdad&efg=eyJ2ZW5jb2RlX3RhZyI6InhwaWRzLjE0NDB4OTU5LnNkci5DMyJ9&_nc_ohc=BvM65y38MEEQ7kNvwEwr8Ic&_nc_oc=Adlp3yUys2QTQCiIl7bLpfLx0jzNwFvav_H0UJiiqyeywpXAerS2yw8tCCiQxNvEE98&_nc_ad=z-m&_nc_cid=0&_nc_zt=23&_nc_ht=scontent.cdninstagram.com&_nc_gid=aiATBfCFfS9YzNE4mrLN0w&oh=00_AfgyyCcov5J6Wb_hF2xHn24Fdt1--9AKsQSzh7Zqu--PGg&oe=692A9372;Aile ve Sosyal Hizmetler Bakanı Sayın Mahinur Özdemir Göktaş’ı ziyaret ederek, Afyonkarahisar Belediyesi olarak yapmayı planladığımız Gündüz Yaşlı Bakımevi ve Çocuk Gündüz Bakımevi projelerimizle ilgili taleplerimizi ilettik. Misafirperverliği için kendisine ve çalışma arkadaşlarına çok teşekkür ediyorum.;
https://www.instagram.com/p/DQTpEvhAJBZ/;Photo;1058;7;0;27.10.2025 12:01;https://scontent.cdninstagram.com/v/t51.82787-15/571001176_18532221436037474_5140594966505333108_n.jpg?stp=dst-jpg_e35_tt6&_nc_cat=109&ig_cache_key=Mzc1MjUyMzU2MDMzNDE2ODE1Mw%3D%3D.3-ccb7-5&ccb=7-5&_nc_sid=58cdad&efg=eyJ2ZW5jb2RlX3RhZyI6InhwaWRzLjE0NDB4MTczMC5zZHIuQzMifQ%3D%3D&_nc_ohc=jOMNgWLh23MQ7kNvwGl_DNp&_nc_oc=Adnjs1k3uEOmhGjpjhf_bfnflrHk5igS3_J6vgs7nrfq9EBsQdns7lltUt_zDqjlhRw&_nc_ad=z-m&_nc_cid=0&_nc_zt=23&_nc_ht=scontent.cdninstagram.com&_nc_gid=aiATBfCFfS9YzNE4mrLN0w&oh=00_AfiQ5n9PBBpi36gnpkh1ML8Xo3Qt18Zp76mVqrqFEtUO0A&oe=692A71E1;Cumhuriyetimizin 102. yılına özel büyük bir coşkuyla gerçekleştireceğimiz Fener Alayı’nda buluşalım! 🇹🇷🔥  🗓️ 29 Ekim 🕕 18.00 📍 İmaret Camii Önü - Zafer Meydanı;
https://www.instagram.com/p/DQRw7ukCHWK/;Carousel;1339;4;0;26.10.2025 18:31;https://scontent.cdninstagram.com/v/t51.82787-15/573379058_18532081354037474_8771399346763333745_n.jpg?stp=dst-jpg_e35_tt6&_nc_cat=103&ig_cache_key=Mzc1MTk5NTE1Mzc5NjU5OTg0Mw%3D%3D.3-ccb7-5&ccb=7-5&_nc_sid=58cdad&efg=eyJ2ZW5jb2RlX3RhZyI6InhwaWRzLjE0NDB4OTYwLnNkci5DMyJ9&_nc_ohc=BgC_BPADLtIQ7kNvwEDijmi&_nc_oc=AdmKREIbNC656B5lizNZcfCntdck-3SqXsBaFJxmofGcQ0jGLXhmZj8LEEaNIDBLdxw&_nc_ad=z-m&_nc_cid=0&_nc_zt=23&_nc_ht=scontent.cdninstagram.com&_nc_gid=aiATBfCFfS9YzNE4mrLN0w&oh=00_AfjpFZdO23XZS5thu9lgJvVnz1oh3N43fbz8Q8nh_Yg8XQ&oe=692A96B9;"Rahvan Binicilik Türkiye Şampiyonası Afyonkarahisar’da Gerçekleştirildi! 🏆🐎  Asırlardır kültürümüzün içinde yaşayan rahvan at geleneği, bugün şehrimizde bir kez daha hayat buldu. Türkiye’nin dört bir yanından gelen birbirinden değerli sporcularımız ve rahvan atlarımız, dostluk ve centilmenlik içinde unutulmaz bir mücadele sergiledi.  Bu güzel şampiyona; bir spor etkinliği olmanın ötesinde, atalarımızdan miras aldığımız kültürün yaşatıldığı bir buluşmaydı. Coşkumuzu paylaşan tüm hemşehrilerimize, yarışçılarımıza ve organizasyonda emeği geçen herkese teşekkür ediyorum. Kazanan sporcularımızı kutluyor, başarılarının devamını diliyorum.  Afyonkarahisarımız, kültürün ve geleneğin şehri olmaya devam edecek.";
https://www.instagram.com/p/DQRdE-oiIMx/;Carousel;1300;6;0;26.10.2025 15:38;https://scontent.cdninstagram.com/v/t51.82787-15/571282901_18532053856037474_5943708689913729745_n.jpg?stp=dst-jpg_e35_tt6&_nc_cat=104&ig_cache_key=Mzc1MTkwNzgzNjQ3MzkzOTg2Mg%3D%3D.3-ccb7-5&ccb=7-5&_nc_sid=58cdad&efg=eyJ2ZW5jb2RlX3RhZyI6InhwaWRzLjE0NDB4OTYwLnNkci5DMyJ9&_nc_ohc=AZEXAttIV-wQ7kNvwEB68FB&_nc_oc=AdmvSSBk0SzmXYdDvC16scgH8nNPcpZsq528_PN3I0zm5dR6HzK5WVXwofxpA9v--P4&_nc_ad=z-m&_nc_cid=0&_nc_zt=23&_nc_ht=scontent.cdninstagram.com&_nc_gid=aiATBfCFfS9YzNE4mrLN0w&oh=00_Afh1PYDu-bJKwSkLISs8x_PAhDlbnZbyLr8FEZOMRJal7Q&oe=692A9573;Şehrimizde hizmete giren Helix İşitme Cihazları’nın açılış kurdelesini kestik. Hayırlı uğurlu olmasını temenni ediyor, işletme sahiplerine bereketli kazançlar diliyorum.;
