PostLink;PostTürü;BeğeniSayısı;YorumSayısı;Görüntülenme Sayısı;Tarih;DisplayPhoto;Caption;Takipçiler
https://www.instagram.com/p/DRexYCijHYM/;Photo;133;12;0;25.11.2025 16:17;https://scontent.cdninstagram.com/v/t39.30808-6/588613381_1224964956111179_7454486876584986870_n.jpg?stp=dst-jpg_e35_tt6&_nc_cat=111&ig_cache_key=Mzc3MzY3MDY5NDA1NjY1NDM0OA%3D%3D.3-ccb7-5&ccb=7-5&_nc_sid=58cdad&efg=eyJ2ZW5jb2RlX3RhZyI6InhwaWRzLjUwMHg2MjUuc2RyLkMzIn0%3D&_nc_ohc=dhJlsdQa1n0Q7kNvwELcvpi&_nc_oc=Adl5QV2vYHwIQLP9TpAPcTt6-d_XSN515mRxsrOG7e1bw6-zv6o1KcMQ0niIoj1jcnE&_nc_ad=z-m&_nc_cid=0&_nc_zt=23&_nc_ht=scontent.cdninstagram.com&_nc_gid=R9rCaYA2plygVTHtOcVRvw&oh=00_AfglTAMAjNCrs1j0R-maLucEDJM8GB1ENB5b5dTM9yvO2g&oe=692CC8B1;Rize’nin sevilen simalarından, halk arasında “Cingar Mustafa” olarak tanınan Mustafa Yıldız Toptan'ın vefat haberini büyük bir üzüntüyle öğrendim. Merhuma Allah'tan rahmet sevenlerine ve ailesine sabırlar dilerim.;23904
https://www.instagram.com/p/DReewkeDABj/;Photo;65;0;0;25.11.2025 13:34;https://scontent.cdninstagram.com/v/t39.30808-6/589112555_1224869739454034_4899919537512939248_n.jpg?stp=dst-jpg_e35_tt6&_nc_cat=107&ig_cache_key=Mzc3MzU4ODgxNjg3MjA3OTQ1OQ%3D%3D.3-ccb7-5&ccb=7-5&_nc_sid=58cdad&efg=eyJ2ZW5jb2RlX3RhZyI6InhwaWRzLjE5NjJ4MTk2Mi5zZHIuQzMifQ%3D%3D&_nc_ohc=axWcsQrnuuUQ7kNvwH8Rt9C&_nc_oc=AdmxAekFH3gkuoH_Yz1Dx7sLO7DRbbj36EF7V-QLa6Hpqf5i5M5Ct43YZSk5qJgb1rk&_nc_ad=z-m&_nc_cid=0&_nc_zt=23&_nc_ht=scontent.cdninstagram.com&_nc_gid=R9rCaYA2plygVTHtOcVRvw&oh=00_AfgoXm6HgPhaFT5soO6bqkzZR0zd-jKu36t66ifaeWv3JA&oe=692CDB10;Turkuvaz Medya A Haber Reklam Genel Müdürü Sibel Doğru ve Reklam Genel Müdür Yardımcısı Ahmet Yılmaz’a ziyaretlerinden dolayı teşekkür ederim.;
https://www.instagram.com/p/DReebNvjFBv/;Photo;47;0;0;25.11.2025 13:31;https://scontent.cdninstagram.com/v/t39.30808-6/588240865_1224868122787529_7967947262778508501_n.jpg?stp=dst-jpg_e35_tt6&_nc_cat=105&ig_cache_key=Mzc3MzU4NzM0OTM2MDYyNzgyMw%3D%3D.3-ccb7-5&ccb=7-5&_nc_sid=58cdad&efg=eyJ2ZW5jb2RlX3RhZyI6InhwaWRzLjIwNDh4MTM2NS5zZHIuQzMifQ%3D%3D&_nc_ohc=crEhYwFUCvAQ7kNvwHcAJMQ&_nc_oc=AdlIFEvLaQm-p9QNvhyNKciE08fpWM7KMyDWQGsLqBz3WwwXLHivfjuutcZ7wEzlla0&_nc_ad=z-m&_nc_cid=0&_nc_zt=23&_nc_ht=scontent.cdninstagram.com&_nc_gid=R9rCaYA2plygVTHtOcVRvw&oh=00_AfiHLKv4yf4QTd33gDoX_2NHMA_yS03vXnPgWTH_o0PQPA&oe=692CE32A;Güneysu Kaymakamı Eyüp Gürdal, Güneysu Belediye Başkanı Rıfat Özer ve AK Parti Güneysu İlçe Başkanı Gökhan Yıldız'a ziyaretlerinden dolayı teşekkür ederim.;
https://www.instagram.com/p/DRd4hhdD4_O/;Photo;31;0;0;25.11.2025 08:00;https://scontent.cdninstagram.com/v/t39.30808-6/584713670_1220699353204406_1328658743832871005_n.jpg?stp=dst-jpg_e35_tt6&_nc_cat=102&ig_cache_key=Mzc3MzQyMDY1NzA3NDczNzEwMg%3D%3D.3-ccb7-5&ccb=7-5&_nc_sid=58cdad&efg=eyJ2ZW5jb2RlX3RhZyI6InhwaWRzLjIwNDh4MjA0OC5zZHIuQzMifQ%3D%3D&_nc_ohc=fL_vbvbeeZ8Q7kNvwHRwfOD&_nc_oc=AdmNSZ6L_kJ-MHLLlYhDJBkc-xhgedmBMynhKpWc2enPvQfPv5Lu4Mm5j3v-OHzNMZU&_nc_ad=z-m&_nc_cid=0&_nc_zt=23&_nc_ht=scontent.cdninstagram.com&_nc_gid=R9rCaYA2plygVTHtOcVRvw&oh=00_AfiKhGtaBsUjTD4Y_7hqQs8eLqjjV-kqZV180iwJu3eb1Q&oe=692CC3CC;;
https://www.instagram.com/p/DRc2CM_Eoe7/;Reels;403;5;9781;24.11.2025 22:20;https://scontent.cdninstagram.com/v/t51.82787-15/587404190_18544197322053363_8352887982424246509_n.jpg?stp=dst-jpg_e15_tt6&_nc_cat=106&ig_cache_key=Mzc3MzEyODIzMzcyMzI2NzAwMzE4NTQ0MTk3MzE5MDUzMzYz.3-ccb7-5&ccb=7-5&_nc_sid=58cdad&efg=eyJ2ZW5jb2RlX3RhZyI6InhwaWRzLjEwODB4MTkyMC5zZHIuQzMifQ%3D%3D&_nc_ohc=9ZIdmYvFgZkQ7kNvwFUshh-&_nc_oc=AdnvGLn5_I5QMCmFodGZnTZd5CEqz6OQnoubpp6QZpg1-1p-zw3diemGV9F0A51yZew&_nc_ad=z-m&_nc_cid=0&_nc_zt=23&_nc_ht=scontent.cdninstagram.com&_nc_gid=R9rCaYA2plygVTHtOcVRvw&oh=00_Afi5glxnJaZGes8HGCYzA3VC9Kr03Evsgg7kWNPX_IV8sw&oe=692CE252;24 Kasım Öğretmenler Günü’nde, kıymetli öğretmenlerimizle bir araya gelmek bizlere büyük mutluluk verdi. Emekli öğretmenlerimizin tecrübeleri, genç öğretmenlerimizin heyecanı geleceğe dair umutlarımızı güçlendirdi. Tüm öğretmenlerimize gönülden teşekkür ediyor, Öğretmenler Günü’nüzü kutluyorum.;
https://www.instagram.com/p/DRcyY2ZDFt2/;Carousel;190;1;0;24.11.2025 21:47;https://scontent.cdninstagram.com/v/t39.30808-6/587077722_1224426392831702_2377556720400378335_n.jpg?stp=dst-jpg_e35_tt6&_nc_cat=102&ig_cache_key=Mzc3MzExMjE3NzYwMDAwMzI4MA%3D%3D.3-ccb7-5&ccb=7-5&_nc_sid=58cdad&efg=eyJ2ZW5jb2RlX3RhZyI6InhwaWRzLjIwNDh4MTM2NS5zZHIuQzMifQ%3D%3D&_nc_ohc=qjFXFRiAwZUQ7kNvwFnFaHP&_nc_oc=AdkdyaMANz5t1Fdyu--HZoDDAW0eIxslZHW1O7Uv3J8z-8QkbiyPZusnYmh67zlj6iU&_nc_ad=z-m&_nc_cid=0&_nc_zt=23&_nc_ht=scontent.cdninstagram.com&_nc_gid=R9rCaYA2plygVTHtOcVRvw&oh=00_Afhyg1diLEy7AuQBCQPo1IMX15f1kG-cAXxl7RJ0i1VlaA&oe=692CE40B;24 Kasım Öğretmenler Günü’nde, kıymetli öğretmenlerimizle bir araya gelmek bizlere büyük mutluluk verdi. Emekli öğretmenlerimizin tecrübeleri, genç öğretmenlerimizin heyecanı geleceğe dair umutlarımızı güçlendirdi. Tüm öğretmenlerimize gönülden teşekkür ediyor, Öğretmenler Günü’nüzü kutluyorum.;
https://www.instagram.com/p/DRb5loLjOj4/;Carousel;62;0;0;24.11.2025 13:31;https://scontent.cdninstagram.com/v/t39.30808-6/586888919_1224150716192603_1057226991128495220_n.jpg?stp=dst-jpg_e35_tt6&_nc_cat=110&ig_cache_key=Mzc3Mjg2MjM3NjYzMTM1ODkxOQ%3D%3D.3-ccb7-5&ccb=7-5&_nc_sid=58cdad&efg=eyJ2ZW5jb2RlX3RhZyI6InhwaWRzLjIwNDh4MTM2NS5zZHIuQzMifQ%3D%3D&_nc_ohc=Rp9ugITWwQoQ7kNvwFjLZKb&_nc_oc=Adli8zJtowdah9E1mKcDwqCoGghmd-IBkdsdOxkVjZgDUst__c7ASaoLYyrP0fLWKTE&_nc_ad=z-m&_nc_cid=0&_nc_zt=23&_nc_ht=scontent.cdninstagram.com&_nc_gid=R9rCaYA2plygVTHtOcVRvw&oh=00_AfhvlN3Xd44RY9uwt8X80hkQ6Jvt4_1AKnUPcULH7Bk9SA&oe=692CD23D;İsmail Kahraman Kültür Merkezi’nde, 24 Kasım Öğretmenler Günü’nü hep birlikte coşkuyla kutladık. Bu yılki programı hazırlayan Ali Metin Kazancı Rize Lisesi öğrencilerimize ve öğretmenlerimize teşekkür ediyorum.;
https://www.instagram.com/p/DRbTuwGjcYW/;Photo;51;1;0;24.11.2025 08:00;https://scontent.cdninstagram.com/v/t39.30808-6/585567749_1220698859871122_1946182251515777321_n.jpg?stp=dst-jpg_e35_tt6&_nc_cat=109&ig_cache_key=Mzc3MjY5NTg4ODQ4MjEyNTMzNA%3D%3D.3-ccb7-5&ccb=7-5&_nc_sid=58cdad&efg=eyJ2ZW5jb2RlX3RhZyI6InhwaWRzLjIwNDh4MjA0OC5zZHIuQzMifQ%3D%3D&_nc_ohc=WGzGISh5yPoQ7kNvwHnoG9H&_nc_oc=AdnfBsFhfE_LTmMzXtRI1qaw_yKtWtqFfpz_E14qHVA9k58Ag9EioPJLLfRrJJkkPNM&_nc_ad=z-m&_nc_cid=0&_nc_zt=23&_nc_ht=scontent.cdninstagram.com&_nc_gid=R9rCaYA2plygVTHtOcVRvw&oh=00_AfhD3DRQkxz_oyEZaLn4LGfTAQel60fTazTQ9U8cqmaiCQ&oe=692CC8E3;;
https://www.instagram.com/p/DRZ5V62jHj7/;Carousel;281;0;0;23.11.2025 18:50;https://scontent.cdninstagram.com/v/t39.30808-6/587820336_1223616079579400_3228160659169429758_n.jpg?stp=dst-jpg_e35_tt6&_nc_cat=101&ig_cache_key=Mzc3MjI5ODM0NTA1OTI0MTM3OA%3D%3D.3-ccb7-5&ccb=7-5&_nc_sid=58cdad&efg=eyJ2ZW5jb2RlX3RhZyI6InhwaWRzLjIwNDh4MTM2NS5zZHIuQzMifQ%3D%3D&_nc_ohc=AfWx9e8ewCMQ7kNvwFvm5gf&_nc_oc=AdkHolW5lGdwFbL2GqImPaxqczZdpwfjAo0yEfQo_zfTFiO2xP6JidLXWkEu9xaf87Q&_nc_ad=z-m&_nc_cid=0&_nc_zt=23&_nc_ht=scontent.cdninstagram.com&_nc_gid=R9rCaYA2plygVTHtOcVRvw&oh=00_Afianw1q1n66f8_-Q5j2A35NAdHj1Vlw6AYKxBgQCOeGyQ&oe=692CCA4B;Kültür ve Turizm Bakan Yardımcımız Gökhan Yazgı ile birlikte Sahil Kordon’da vatandaşlarımızla bir araya gelerek sohbet ettik.;
https://www.instagram.com/p/DRZ5CngjPk3/;Carousel;62;0;0;23.11.2025 18:47;https://scontent.cdninstagram.com/v/t39.30808-6/587405233_1223614339579574_3772327441088217733_n.jpg?stp=dst-jpg_e35_tt6&_nc_cat=107&ig_cache_key=Mzc3MjI5NzAxODE4Mjc5MzI5MA%3D%3D.3-ccb7-5&ccb=7-5&_nc_sid=58cdad&efg=eyJ2ZW5jb2RlX3RhZyI6InhwaWRzLjIwNDh4MTM2NS5zZHIuQzMifQ%3D%3D&_nc_ohc=fjTCjXy-1hcQ7kNvwFIobvh&_nc_oc=AdkNf6HOP5cnvFpMi97HCRgSNaP2biT3kfxNhS8W_Yts0u670bO2H1fAqTzdtwI9I3g&_nc_ad=z-m&_nc_cid=0&_nc_zt=23&_nc_ht=scontent.cdninstagram.com&_nc_gid=R9rCaYA2plygVTHtOcVRvw&oh=00_AfhAcMcaJwlErW0O8IGYxpbLzGj3kN1h4BRklIcR7TikXQ&oe=692CB770;Kültür ve Turizm Bakan Yardımcımız Gökhan Yazgı ile birlikte Rize İl Halk Kütüphanesi’ni ziyaret ettik.;
https://www.instagram.com/p/DRZ4wY2DAFO/;Carousel;120;0;0;23.11.2025 18:45;https://scontent.cdninstagram.com/v/t39.30808-6/589043371_1223612269579781_1502179714851320670_n.jpg?stp=dst-jpg_e35_tt6&_nc_cat=111&ig_cache_key=Mzc3MjI5NTc2NDg3NDM3MDU4Mw%3D%3D.3-ccb7-5&ccb=7-5&_nc_sid=58cdad&efg=eyJ2ZW5jb2RlX3RhZyI6InhwaWRzLjIwNDh4MTM2NS5zZHIuQzMifQ%3D%3D&_nc_ohc=Hw_ZE5kaMi8Q7kNvwHoAL0V&_nc_oc=AdlJ1DbDqZejQHLZDckxrdaPZOb4Rb3bfsa99Gf0vj6AbT2jPBLIhHuVmoZL-X5-Y30&_nc_ad=z-m&_nc_cid=0&_nc_zt=23&_nc_ht=scontent.cdninstagram.com&_nc_gid=R9rCaYA2plygVTHtOcVRvw&oh=00_Afh4J4EnroSWIcGcWFKGZaQDkkA6GeML-llSylVrzBHSMw&oe=692CBE9C;Kültür ve Turizm Bakan Yardımcımız Gökhan Yazgı ile birlikte, Deniz Feneri Sosyal Tesisi ve Denizcilik Müzesi’ni ziyaret ettik.;
https://www.instagram.com/p/DRZ4PmHjBrE/;Carousel;119;0;0;23.11.2025 18:40;https://scontent.cdninstagram.com/v/t39.30808-6/586525477_1223607852913556_2157710384804329347_n.jpg?stp=dst-jpg_e35_tt6&_nc_cat=109&ig_cache_key=Mzc3MjI5MzUxMDIxNzg4MzcyMg%3D%3D.3-ccb7-5&ccb=7-5&_nc_sid=58cdad&efg=eyJ2ZW5jb2RlX3RhZyI6InhwaWRzLjIwNDh4MTM2NS5zZHIuQzMifQ%3D%3D&_nc_ohc=m5EcOhEiL8QQ7kNvwHZTh7q&_nc_oc=AdlKinRh9ushDKswaDb9H_MPvmRTha1Jk3w3DNjfLCuV7mfJr1M9pOKtmCTJFb4US1o&_nc_ad=z-m&_nc_cid=0&_nc_zt=23&_nc_ht=scontent.cdninstagram.com&_nc_gid=R9rCaYA2plygVTHtOcVRvw&oh=00_AfgMJcoZx0ASd5fcstbZThWutsL-cDUE16xHlXe4bMpphA&oe=692CDE6F;Kültür ve Turizm Bakan Yardımcımız Gökhan Yazgı ile birlikte, yapımını sürdürdüğümüz Kültür ve Sanat Çarşısı’nı ziyaret ederek çalışmaları yerinde inceledik.;
https://www.instagram.com/p/DRZI3G6EX5Q/;Carousel;40;0;0;23.11.2025 11:46;https://scontent-ord5-2.cdninstagram.com/v/t39.30808-6/585660713_1223379579603050_4082369500304005455_n.jpg?stp=c0.0.1439.972a_dst-jpg_e35_s1439x972_tt6&_nc_cat=105&ig_cache_key=Mzc3MjA4NTEyMDc1MzgyODE5Mw%3D%3D.3-ccb7-5&ccb=7-5&_nc_sid=58cdad&efg=eyJ2ZW5jb2RlX3RhZyI6InhwaWRzLjE0NDB4OTcyLnNkci5DMyJ9&_nc_ohc=Pa5iixPlNgwQ7kNvwGfzEex&_nc_oc=AdllzLJL203xnhSRuD2Z5c23r3f6J3pN8QSskYkBrPav8o0roiWTi7pwP2Tqz2Se59w5zSqTWPDlToag54TFWk5K&_nc_ad=z-m&_nc_cid=0&_nc_zt=23&_nc_ht=scontent-ord5-2.cdninstagram.com&_nc_gid=RUK-vH_DtI2C3PiBrWaPMw&oh=00_Afje7CZRO6cSv5cDsjhE9gT3IFDGn7imbYNkEkzXqRWnyg&oe=692CB261;21-22-23 Kasım tarihlerinde Trabzon ilinde, AK Parti Yerel Yönetimler Başkanlığı tarafından düzenlenen Yerel Yönetimler Bölge Toplantısına katılım sağladık. Toplantı süresince yerel yönetimlerin mevcut durumları, karşılaşılan sorunlar ve çözüm önerileri üzerine kapsamlı istişarelerde bulunduk.;
https://www.instagram.com/p/DRW5gy1jBnP/;Photo;55;0;0;22.11.2025 14:54;https://scontent-ord5-3.cdninstagram.com/v/t39.30808-6/586650986_1222748129666195_6676871522856671390_n.jpg?stp=dst-jpg_e35_tt6&_nc_cat=110&ig_cache_key=Mzc3MTQ1NDY4MDIyOTIyMjg2Mw%3D%3D.3-ccb7-5&ccb=7-5&_nc_sid=58cdad&efg=eyJ2ZW5jb2RlX3RhZyI6InhwaWRzLjE1OTl4MTA4MC5zZHIuQzMifQ%3D%3D&_nc_ohc=zTVkeRLOLo4Q7kNvwGsS68R&_nc_oc=AdllYq9kLR5LId_YoZZb_1XSe9JpFeIzamcY2HYDfxv6xFJefIdUDIgMWPxKIoaw4w1eqC04yO6yT8YXubGgxPpo&_nc_ad=z-m&_nc_cid=0&_nc_zt=23&_nc_ht=scontent-ord5-3.cdninstagram.com&_nc_gid=RUK-vH_DtI2C3PiBrWaPMw&oh=00_Afh3Q2j94qrm1qfpCbUBxqO92-uPoqIck8vDQoYX1_7xEg&oe=692CD559;AK Parti Yerel Yönetimler Başkanlığı tarafından düzenlenen 'Bölge Toplantısı'na katılım sağladık.;
https://www.instagram.com/p/DRWl5wLjPlY/;Carousel;100;0;0;22.11.2025 12:02;https://scontent-ord5-3.cdninstagram.com/v/t39.30808-6/586327035_1222658259675182_1870622286941574934_n.jpg?stp=dst-jpg_e35_tt6&_nc_cat=106&ig_cache_key=Mzc3MTM2ODQyMzM2MDg1NzIyMw%3D%3D.3-ccb7-5&ccb=7-5&_nc_sid=58cdad&efg=eyJ2ZW5jb2RlX3RhZyI6InhwaWRzLjE0NDB4MTA4MC5zZHIuQzMifQ%3D%3D&_nc_ohc=_3GlmSCoRUEQ7kNvwHwjjdq&_nc_oc=AdmLQZTIkwUmgxpDdXpCihZcNHZy2T5ogbrQSiZS3Up361C0dcsQanOtr6YIhCDpNesVNI-oPgBrsA0A-noDZaRl&_nc_ad=z-m&_nc_cid=0&_nc_zt=23&_nc_ht=scontent-ord5-3.cdninstagram.com&_nc_gid=RUK-vH_DtI2C3PiBrWaPMw&oh=00_Afi77_69vRACA5hIyrolhZPx1qPv-u0hG1V2rC83efkHxg&oe=692CCFCF;Rize Satranç İl Temsilciliğimiz ve Özel Rize Anadolu Koleji iş birliğiyle düzenlenen “Öğretmenler Günü Satranç Turnuvası”nın açılış heyecanını yaşadık. 🇹  Geleceğimizin teminatı olan sevgili öğrencilerimizin, onlara rehberlik eden kıymetli öğretmenlerimizin, velilerimizin ve satranç tutkunu tüm hemşehrilerimin bir araya geldiği bu anlamlı organizasyona katılmaktan büyük mutluluk duydum.  Bu turnuvanın düzenlenmesinde emeği geçen herkese teşekkür ediyor, zihinsel gelişimleri için satrancı seçen tüm sporcularımıza başarılar diliyorum.;
https://www.instagram.com/p/DRU5YigDEYd/;Reels;186;0;4087;21.11.2025 20:15;https://scontent-ord5-2.cdninstagram.com/v/t51.82787-15/583815284_18543700729053363_6535691946631506006_n.jpg?stp=dst-jpg_e15_tt6&_nc_cat=104&ig_cache_key=Mzc3MDg5MTE2Mjk3OTQxOTY3NzE4NTQzNzAwNzIzMDUzMzYz.3-ccb7-5&ccb=7-5&_nc_sid=58cdad&efg=eyJ2ZW5jb2RlX3RhZyI6InhwaWRzLjEwODB4MTkyMC5zZHIuQzMifQ%3D%3D&_nc_ohc=6kp4ILDew44Q7kNvwFXCy9M&_nc_oc=AdlkYaiaPHBxpy0xFDdBenbRj3bDVf_D0ua0xvSYf9WRRv91CPZ3dFcynngrIajn--VswIqu69R0cXKUxWc6T7D1&_nc_ad=z-m&_nc_cid=0&_nc_zt=23&_nc_ht=scontent-ord5-2.cdninstagram.com&_nc_gid=RUK-vH_DtI2C3PiBrWaPMw&oh=00_AfjS3J-JwL3EPxYRJvFoP8ehHT4qul5FMzir-J__vAU5-Q&oe=692CB838;Yapımı tamamlanan 32 derslikli Kurtuluş İlkokulu eğitim öğretime başladı. Açılış töreninde Rize Valimiz İhsan Selim Baydaş, Rize Milletvekilimiz Harun Mertoğlu, AK Parti İl Başkanımız Yılmaz Katmer, kurum temsilcileri, sivil toplum kuruluşları, öğrenciler ve vatandaşlarla bir araya geldik.;
https://www.instagram.com/p/DRU5Hh_jMmu/;Photo;62;0;0;21.11.2025 20:12;https://scontent-ord5-2.cdninstagram.com/v/t39.30808-6/586545815_1222197556387919_8221261886527387009_n.jpg?stp=dst-jpg_e35_tt6&_nc_cat=105&ig_cache_key=Mzc3MDg4OTk5NDIwMzA4OTMyNg%3D%3D.3-ccb7-5&ccb=7-5&_nc_sid=58cdad&efg=eyJ2ZW5jb2RlX3RhZyI6InhwaWRzLjE0NDB4OTYwLnNkci5DMyJ9&_nc_ohc=luWwM1XPeFEQ7kNvwEy3-DN&_nc_oc=AdlSqnRwGKxgpXgOub8zp-eKYpXLayEV-jcmdRYvIlHi5d5v7h3Lbr4zb1JmEMWb75ZvusA0oiIzVmDUh6Uu17fL&_nc_ad=z-m&_nc_cid=0&_nc_zt=23&_nc_ht=scontent-ord5-2.cdninstagram.com&_nc_gid=RUK-vH_DtI2C3PiBrWaPMw&oh=00_AfiZIUjyaor7ZlmcfizKL2WdMuy0dwoM1dyzfP9DbeDakw&oe=692CC1DF;Rize Valisi İhsan Selim Baydaş ve AK Parti Rize Milletvekili Harun Mertoğlu ile birlikte göreve yeni başlayan Kalkandere Kaymakamı Emrullah Doğru'ya hayırlı olsun ziyaretinde bulunduk.;
https://www.instagram.com/p/DRU44atDPul/;Carousel;96;0;0;21.11.2025 20:10;https://scontent-ord5-3.cdninstagram.com/v/t39.30808-6/587396216_1222196046388070_1176908308905495431_n.jpg?stp=dst-jpg_e35_tt6&_nc_cat=110&ig_cache_key=Mzc3MDg4ODk0NTE3NDA3NzE1OQ%3D%3D.3-ccb7-5&ccb=7-5&_nc_sid=58cdad&efg=eyJ2ZW5jb2RlX3RhZyI6InhwaWRzLjE0NDB4OTYwLnNkci5DMyJ9&_nc_ohc=LjsPWLxUW_8Q7kNvwGEZET0&_nc_oc=AdnDTKkRY-c-Iy3GGUkNt3MxXXQlf1XxVWfwA0Hkj3fmWhSkJLfUVUprfzNd6ddarF4Rpz9WGFZwK-sVFSpaxdGE&_nc_ad=z-m&_nc_cid=0&_nc_zt=23&_nc_ht=scontent-ord5-3.cdninstagram.com&_nc_gid=RUK-vH_DtI2C3PiBrWaPMw&oh=00_AfjIBlLdyJjQhWYsCTP1k9d-685uRV43_2hvW2ztaIohEQ&oe=692CB925;Rize Valisi İhsan Selim Baydaş, AK Parti Rize Milletvekilleri Muhammed Avcı ve Harun Mertoğlu ve DSİ Bölge Müdürü Fatih Kişi ile birlikte Kalkandere Belediye Başkanı Mehmet Yılmaz'ı ziyaret ederek, ilçede yapılması planlanan ve devam eden çalışmalarla ilgili bilgiler aldık.;
https://www.instagram.com/p/DRU4vhcjOM_/;Carousel;52;0;0;21.11.2025 20:09;https://scontent-ord5-3.cdninstagram.com/v/t39.30808-6/586220010_1222195296388145_2327713842518255207_n.jpg?stp=dst-jpg_e35_tt6&_nc_cat=109&ig_cache_key=Mzc3MDg4ODMzMTY4MTY1NTQ2OA%3D%3D.3-ccb7-5&ccb=7-5&_nc_sid=58cdad&efg=eyJ2ZW5jb2RlX3RhZyI6InhwaWRzLjE0NDB4OTYwLnNkci5DMyJ9&_nc_ohc=wSi0Oqh6c4YQ7kNvwEDWYy2&_nc_oc=AdnMYpbTzgXQgKHk5SkuFBQO1feRHXLF2qSp4VAoNsm4FHAWMEr-N6LwESogFrvmpyn2JjCRCTx7Un5Dlj0_WZIl&_nc_ad=z-m&_nc_cid=0&_nc_zt=23&_nc_ht=scontent-ord5-3.cdninstagram.com&_nc_gid=RUK-vH_DtI2C3PiBrWaPMw&oh=00_AfjuMut9Ww-rQA5oY2s8JBbJ2V0iKH8hYJC5pt3uA2OP-w&oe=692CBC16;Rize Valisi İhsan Selim Baydaş, AK Parti Rize Milletvekilleri Muhammed Avcı ve Harun Mertoğlu, Karayolları Bölge Müdürü Mehmet Aşık ve DSİ Bölge Müdürü Fatih Kişi ile birlikte İyidere ayrım – İkizdere – İspir Yolu'nun İkizdere Çamlık mevkiindeki şantiyesini ziyaret ederek teknik ekipten ve yüklenici firma yetkililerinden çalışmaların son durumuyla ilgili bilgiler aldık.;
https://www.instagram.com/p/DRU4nAhjBe3/;Photo;33;0;0;21.11.2025 20:07;https://scontent-ord5-3.cdninstagram.com/v/t39.30808-6/585728557_1222194409721567_6820349208570389143_n.jpg?stp=dst-jpg_e35_tt6&_nc_cat=107&ig_cache_key=Mzc3MDg4Nzc1OTI0Mjk5MTU0Mw%3D%3D.3-ccb7-5&ccb=7-5&_nc_sid=58cdad&efg=eyJ2ZW5jb2RlX3RhZyI6InhwaWRzLjE0NDB4OTYwLnNkci5DMyJ9&_nc_ohc=f-P-xrdIIDgQ7kNvwF4lGYE&_nc_oc=AdnQI9avTn92yPYvRUuUvwzC4pE6DgA1bD_22lY-08Dx1Kk4ntHop0-WNhPc-b5zbtZC0jhEJSTucYI_PoC6QGqJ&_nc_ad=z-m&_nc_cid=0&_nc_zt=23&_nc_ht=scontent-ord5-3.cdninstagram.com&_nc_gid=RUK-vH_DtI2C3PiBrWaPMw&oh=00_AfjEIHREIoeVSjFo7UlEPdg_bTKuQYxIr4fllvNDNchLfg&oe=692CE274;Rize Valisi İhsan Selim Baydaş, AK Parti Rize Milletvekilleri Muhammed Avcı ve Harun Mertoğlu ile birlikte İkizdere Belediye Başkanı Abdi Ekşi'ye ziyarette bulunduk.;
https://www.instagram.com/p/DRU4Yn5DCxt/;Carousel;35;0;0;21.11.2025 20:05;https://scontent-ord5-2.cdninstagram.com/v/t39.30808-6/586379119_1222192616388413_433927606288768142_n.jpg?stp=dst-jpg_e35_tt6&_nc_cat=104&ig_cache_key=Mzc3MDg4Njc1OTYxNDU3NzA3Nw%3D%3D.3-ccb7-5&ccb=7-5&_nc_sid=58cdad&efg=eyJ2ZW5jb2RlX3RhZyI6InhwaWRzLjE0NDB4OTYwLnNkci5DMyJ9&_nc_ohc=zjDgx8mrYNAQ7kNvwHpTf27&_nc_oc=AdnOgPBs20_mizmom13WGewfIWXYzunKLvtaQE7y18gyT-TXpajUfMKnzkf9_fXmjStlhlBMMcvF8_mkFEK56fIw&_nc_ad=z-m&_nc_cid=0&_nc_zt=23&_nc_ht=scontent-ord5-2.cdninstagram.com&_nc_gid=RUK-vH_DtI2C3PiBrWaPMw&oh=00_AfjOu8jc-oXzTcWQNzFBKXcpp1vmrjrZSlZW4Bn5emoJpw&oe=692CBE40;Rize Valisi İhsan Selim Baydaş, AK Parti Rize Milletvekilleri Muhammed Avcı ve Harun Mertoğlu, AK Parti Rize İl Başkanı Yılmaz Katmer ile birlikte göreve yeni başlayan İkizdere Kaymakamı Burak Yaylacı'ya hayırlı olsun ziyaretinde bulunduk.;
https://www.instagram.com/p/DRU4K2BDK4S/;Carousel;69;0;0;21.11.2025 20:04;https://scontent-ord5-2.cdninstagram.com/v/t39.30808-6/586309677_1222190983055243_8937196019251044702_n.jpg?stp=dst-jpg_e35_tt6&_nc_cat=103&ig_cache_key=Mzc3MDg4NTgwNjgxMTI4NzMzMA%3D%3D.3-ccb7-5&ccb=7-5&_nc_sid=58cdad&efg=eyJ2ZW5jb2RlX3RhZyI6InhwaWRzLjIwNDh4MTM2NS5zZHIuQzMifQ%3D%3D&_nc_ohc=_i2Pt6TdLqEQ7kNvwF0nqIc&_nc_oc=AdmvlCdqVdUxl7bApeP3WeBLZPIOdwiyKWX5lIgQuaJJzfkK49zcc2spD5XGZwOYHf_mLs_6ryCYTNo9z-xjeXjq&_nc_ad=z-m&_nc_cid=0&_nc_zt=23&_nc_ht=scontent-ord5-2.cdninstagram.com&_nc_gid=RUK-vH_DtI2C3PiBrWaPMw&oh=00_Afja1IEJKMynK25NZLG3hXbmP5AKjVqk-b2-gWVMHLDwfg&oe=692CC036;Yapımı tamamlanan 32 derslikli Kurtuluş İlkokulu eğitim öğretime başladı. Açılış töreninde Rize Valimiz İhsan Selim Baydaş, Rize Milletvekilimiz Harun Mertoğlu,AK Parti İl Başkanımız Yılmaz Katmer, kurum temsilcileri, sivil toplum kuruluşları, öğrenciler ve vatandaşlarla bir araya geldik.;
https://www.instagram.com/p/DRU3wmajHuq/;Carousel;71;0;0;21.11.2025 20:00;https://scontent-ord5-1.cdninstagram.com/v/t39.30808-6/586244486_1222189409722067_5007088188650872937_n.jpg?stp=dst-jpg_e35_tt6&_nc_cat=101&ig_cache_key=Mzc3MDg4NDAwOTA3Mzg2NzcxNA%3D%3D.3-ccb7-5&ccb=7-5&_nc_sid=58cdad&efg=eyJ2ZW5jb2RlX3RhZyI6InhwaWRzLjE0NDB4OTYwLnNkci5DMyJ9&_nc_ohc=WVMSVDgSJ1sQ7kNvwH_RiKV&_nc_oc=AdnM0VlXCYm0Lk6pcCL6YUxl7fbJDTOLVQ9wT7zGsYPX4VabhPBp29-v1QS3ogwZvxjYNmJdT5g2_9f3Y6v7_rSL&_nc_ad=z-m&_nc_cid=0&_nc_zt=23&_nc_ht=scontent-ord5-1.cdninstagram.com&_nc_gid=RUK-vH_DtI2C3PiBrWaPMw&oh=00_AfhAWSgUTab423e5577yypnxE9OIM-GIT2W2FKrbkRlI2Q&oe=692CE6AD;Rize Valisi İhsan Selim Baydaş ve AK Parti Rize İl Başkanı Yılmaz Katmer ile birlikte RTEÜ Zihni Derin Yerleşkesi yanında yapımı devam eden 600 kişilik öğrenci yurdu inşaatını ziyaret ettik.;
https://www.instagram.com/p/DRT0nZyjLjJ/;Carousel;77;0;0;21.11.2025 10:13;https://scontent-ord5-2.cdninstagram.com/v/t39.30808-6/586126822_1221843779756630_6546355496792999136_n.jpg?stp=dst-jpg_e35_tt6&_nc_cat=104&ig_cache_key=Mzc3MDU4ODY5ODEyMDA5MzMwNQ%3D%3D.3-ccb7-5&ccb=7-5&_nc_sid=58cdad&efg=eyJ2ZW5jb2RlX3RhZyI6InhwaWRzLjE0NDB4OTYwLnNkci5DMyJ9&_nc_ohc=T2K2qFCOomUQ7kNvwHqSc31&_nc_oc=Adkd4O8Gy0i4ggBrteb84s7r3pqOEOP2y6JALAJYuOtXhH_9d64xn4iMOGW8GevpBG4Id7JnFmYa9QarqXjTSPze&_nc_ad=z-m&_nc_cid=0&_nc_zt=23&_nc_ht=scontent-ord5-2.cdninstagram.com&_nc_gid=RUK-vH_DtI2C3PiBrWaPMw&oh=00_Afhu-Zj3euXwQnrJavrHJQmspbIQmUCx6z6tGeJzccP11w&oe=692CE531;Rize’mizin sahilinde yapımı devam eden çok amaçlı spor kompleksi inşaat alanını, Rize Valisi İhsan Selim Baydaş ve AK Parti Rize İl Başkanı Yılmaz Katmer ile birlikte ziyaret ettik.;
https://www.instagram.com/p/DRRtVR4Fj0a/;Photo;80;1;0;20.11.2025 14:31;https://scontent-phx1-1.cdninstagram.com/v/t39.30808-6/584912211_1221175213156820_6265274299032918106_n.jpg?stp=dst-jpg_e35_tt6&_nc_cat=101&ig_cache_key=Mzc2OTk5MzczNzQ4MjQxOTQ4Mg%3D%3D.3-ccb7-5&ccb=7-5&_nc_sid=58cdad&efg=eyJ2ZW5jb2RlX3RhZyI6InhwaWRzLjIwNDh4MTM2NS5zZHIuQzMifQ%3D%3D&_nc_ohc=Pmf-C5e5yw0Q7kNvwEvVpBX&_nc_oc=Adl4Yq4vGPyqSdTS8MPnTkcS_GPZTNzIAi1WRONy-EKNtvhsssWlgAAkq6oMbWwslkbqJot0jbjBu1S9m3AxxiCZ&_nc_ad=z-m&_nc_cid=0&_nc_zt=23&_nc_ht=scontent-phx1-1.cdninstagram.com&_nc_gid=ee41DnezPBMB4FfTqKDIyg&oh=00_AfjPtFO5tcoFVZ9XhsgM4YyeYgWSFxdxaVHMI8WN9YFX2g&oe=692CC592;Kent Konseyi Kadın Meclisi eski Başkan'ı Hatice Semiz'e ziyaretlerinden dolayı teşekkür ederim.;
https://www.instagram.com/p/DRPz012jHj5/;Photo;85;3;0;19.11.2025 20:49;https://scontent-phx1-1.cdninstagram.com/v/t39.30808-6/585516537_1220698259871182_6576744616657922454_n.jpg?stp=dst-jpg_e35_tt6&_nc_cat=105&ig_cache_key=Mzc2OTQ1OTM0NDc0MDc0MzQxNw%3D%3D.3-ccb7-5&ccb=7-5&_nc_sid=58cdad&efg=eyJ2ZW5jb2RlX3RhZyI6InhwaWRzLjIwNDh4MjA0OC5zZHIuQzMifQ%3D%3D&_nc_ohc=OvDLg2BWFtQQ7kNvwH_-6DV&_nc_oc=Adkgck8EuZxefgu99KbZdHpVOFhPBrD2lCJWQByzy4pM9EUmqPF9Wx-_lhmttZOvKJofnMwqXl35DPZgCZTGzw7_&_nc_ad=z-m&_nc_cid=0&_nc_zt=23&_nc_ht=scontent-phx1-1.cdninstagram.com&_nc_gid=ee41DnezPBMB4FfTqKDIyg&oh=00_AfjIEN58TJ2_Hrce47N_78c3WzcdWSQnqkZCcO7PX7Eg0A&oe=692CCB79;Memur-Sen Rize İl Başkanı Seyit Ali Yılmaz ve beraberindeki heyete ziyaretlerinden dolayı teşekkür ederim.;
https://www.instagram.com/p/DRPzt5vjKnM/;Photo;59;0;0;19.11.2025 20:48;https://scontent-phx1-1.cdninstagram.com/v/t39.30808-6/585588625_1220697563204585_3175325647088498631_n.jpg?stp=dst-jpg_e35_tt6&_nc_cat=108&ig_cache_key=Mzc2OTQ1ODg2Nzg4MTk0NTU0OA%3D%3D.3-ccb7-5&ccb=7-5&_nc_sid=58cdad&efg=eyJ2ZW5jb2RlX3RhZyI6InhwaWRzLjIwNDh4MjA0OC5zZHIuQzMifQ%3D%3D&_nc_ohc=e3GwCuu03-IQ7kNvwH3s7qP&_nc_oc=AdnFCucgc396MC8-n1qAY7STLIkHdzuVcaySKzOhKUR8GhGI8nxt2pFKcCy2IZRgcpWVqvi1wV7R9j8AWsxtwSMB&_nc_ad=z-m&_nc_cid=0&_nc_zt=23&_nc_ht=scontent-phx1-1.cdninstagram.com&_nc_gid=ee41DnezPBMB4FfTqKDIyg&oh=00_Afi-cp8xc8mhByNq_NeRPj5cdO4xd_dQD-mh1m8UcLfGXw&oe=692CC206;Kalkandere Cezaevi Müdürlüğü görevine atanan Naci Kurt’a ziyaretlerinden dolayı teşekkür ederim.;
https://www.instagram.com/p/DRMuN0_DOAb/;Carousel;120;1;0;18.11.2025 16:03;https://scontent-phx1-1.cdninstagram.com/v/t39.30808-6/586050062_1219818096625865_2758124389028839027_n.jpg?stp=dst-jpg_e35_tt6&_nc_cat=111&ig_cache_key=Mzc2ODU5MDIzMTI5ODQxMjk5MA%3D%3D.3-ccb7-5&ccb=7-5&_nc_sid=58cdad&efg=eyJ2ZW5jb2RlX3RhZyI6InhwaWRzLjIwNDh4MTM2NS5zZHIuQzMifQ%3D%3D&_nc_ohc=yO8K34Sx658Q7kNvwFNKBnF&_nc_oc=Adkd6q7pd11M2AHMgc5q68Def8zoFHbFwtM30KKImlb-2y6XFrDTk4FEfoh4ouQA9yB_2Ed61Hwvv9c4oz_6_jM1&_nc_ad=z-m&_nc_cid=0&_nc_zt=23&_nc_ht=scontent-phx1-1.cdninstagram.com&_nc_gid=ee41DnezPBMB4FfTqKDIyg&oh=00_AfjuEyyysvQ_cvH73HAgmZQIDbSehgnnUZ0K22QDbatC2Q&oe=692CC1C8;Yeniköy Mahallemizde, Pazar Caddesi esnafımızı ziyaret ederek hemşehrilerimizle bir araya geldik. Mahalle Muhtarımız ve birim müdürlerimizle birlikte gerçekleştirdiğimiz buluşmada, esnafımızın ve mahalle sakinlerimizin taleplerini dinledik.;
https://www.instagram.com/p/DRMomp_Efc_/;Reels;330;7;9119;18.11.2025 15:14;https://scontent-phx1-1.cdninstagram.com/v/t51.82787-15/583791103_18543205747053363_360378866996959688_n.jpg?stp=dst-jpg_e15_tt6&_nc_cat=108&ig_cache_key=Mzc2ODU2NTU2NjQ4NDM3OTQ1NTE4NTQzMjA1NzQ0MDUzMzYz.3-ccb7-5&ccb=7-5&_nc_sid=58cdad&efg=eyJ2ZW5jb2RlX3RhZyI6InhwaWRzLjEwODB4MTkyMC5zZHIuQzMifQ%3D%3D&_nc_ohc=2XCMBdfFRfAQ7kNvwHQGZ-C&_nc_oc=AdllCjsTrttXYF8BvnGprpXqrfetuOORrefa4gU5YunsSf7n4osNegD7KSMNT23qtvhoexM8vbuVi4udnIhitZbB&_nc_ad=z-m&_nc_cid=0&_nc_zt=23&_nc_ht=scontent-phx1-1.cdninstagram.com&_nc_gid=ee41DnezPBMB4FfTqKDIyg&oh=00_Afglm5zVL2qcd7DVKpL-2mnZejki4MEUUfIyLB-23L8IIA&oe=692CCB45;Müftü Mahallesi’nde muhtarımız ve ilgili birim müdürlerimizle birlikte gerçekleştirdiğimiz ziyaretimizde, esnafımızla bir araya geldik, hemşehrilerimizin talep ve önerilerini dinledik.Belediye çalışmalarını sahada inceleyerek ekiplerimizden detaylı bilgi aldık.;
https://www.instagram.com/p/DRMmihFlnAo/;Carousel;109;0;0;18.11.2025 14:56;https://scontent-phx1-1.cdninstagram.com/v/t39.30808-6/584097994_1219775646630110_168906473909706036_n.jpg?stp=dst-jpg_e35_tt6&_nc_cat=104&ig_cache_key=Mzc2ODU1NjQ1NTc3Njk0MTU5MA%3D%3D.3-ccb7-5&ccb=7-5&_nc_sid=58cdad&efg=eyJ2ZW5jb2RlX3RhZyI6InhwaWRzLjIwNDh4MTM2NS5zZHIuQzMifQ%3D%3D&_nc_ohc=nAcZuhaA_vMQ7kNvwHvRVV0&_nc_oc=AdkAeCP7W--emzudq80BVzkfHbY_l-hPYgwdkcmK32UBYVhtmCZ8Ifrg4_GP8I3N8HQVx-IUoF8BdhRHiDldI3nL&_nc_ad=z-m&_nc_cid=0&_nc_zt=23&_nc_ht=scontent-phx1-1.cdninstagram.com&_nc_gid=ee41DnezPBMB4FfTqKDIyg&oh=00_AfhioJ0zrJQPHsthiygCqKbyxXtCiMLv9920EBMux521mQ&oe=692CDFE2;Müftü Mahallesi’nde muhtarımız ve ilgili birim müdürlerimizle birlikte gerçekleştirdiğimiz ziyaretimizde, esnafımızla bir araya geldik, hemşehrilerimizin talep ve önerilerini dinledik.Belediye çalışmalarını sahada inceleyerek ekiplerimizden detaylı bilgi aldık.;
https://www.instagram.com/p/DRKRRx0jFmN/;Photo;146;3;0;17.11.2025 17:11;https://scontent-phx1-1.cdninstagram.com/v/t39.30808-6/584052030_1219123163362025_3030279731331749046_n.jpg?stp=dst-jpg_e35_tt6&_nc_cat=100&ig_cache_key=Mzc2NzkwMDAyNjc2NTU5NzA2OQ%3D%3D.3-ccb7-5&ccb=7-5&_nc_sid=58cdad&efg=eyJ2ZW5jb2RlX3RhZyI6InhwaWRzLjIwNDh4MjA0OC5zZHIuQzMifQ%3D%3D&_nc_ohc=Yryj7BX8SeMQ7kNvwFmhpRE&_nc_oc=Adm0NhllxTox1hQ2uNISzTOyIX1_1sDxcFRxaAPs7uEiCpmB4CaEkIa8SN8BHEFf7kUcA9uusFdY1Lw27zC5YDn8&_nc_ad=z-m&_nc_cid=0&_nc_zt=23&_nc_ht=scontent-phx1-1.cdninstagram.com&_nc_gid=ee41DnezPBMB4FfTqKDIyg&oh=00_AfiUhcCmdUPzE82iszlUS_KLWa9ia_RJ_JraB6KGFfubtQ&oe=692CCC8B;Rize Devlet Hastanesi Başhekimi iken Bitlis İl Sağlık Müdürlüğü görevine atanan Doç. Dr. Şaban Ergene’yi belediyemizde ağırladık.Rize’ye sunduğu değerli hizmetler için kendisine teşekkür ediyor, yeni görevinde başarılar diliyorum.;
https://www.instagram.com/p/DRKLr5uDNxH/;Carousel;95;0;0;17.11.2025 16:22;https://scontent-phx1-1.cdninstagram.com/v/t39.30808-6/582120362_1219090926698582_7746595552592821383_n.jpg?stp=dst-jpg_e35_tt6&_nc_cat=108&ig_cache_key=Mzc2Nzg3NTQyMjg5NDQyODE3OQ%3D%3D.3-ccb7-5&ccb=7-5&_nc_sid=58cdad&efg=eyJ2ZW5jb2RlX3RhZyI6InhwaWRzLjIwNDh4MTM2NS5zZHIuQzMifQ%3D%3D&_nc_ohc=A9uELVgIeDsQ7kNvwHt-5aX&_nc_oc=AdmVrwtmkh8nCi1tGkmXfce29zFuKqcyQZ5Ol1GK4xbhs-SkC-Wyo9Yn2tLYrDlZOKvxlS4jEzY9HAijowVQ4s_8&_nc_ad=z-m&_nc_cid=0&_nc_zt=23&_nc_ht=scontent-phx1-1.cdninstagram.com&_nc_gid=ee41DnezPBMB4FfTqKDIyg&oh=00_AfhRJ7aMQ9_4l-4EASm3FNOIfqQ5B2gbW4luE7U95kfAaw&oe=692CBE0E;İlimizde faaliyet gösteren altı yerel gazetenin bir araya gelerek kurduğu Rize Birlik Gazetesi’ni ziyaret ettim.Yeni yayın hayatında Rize Birlik Gazetesi’ne başarılar diliyorum.;
https://www.instagram.com/p/DRKKKKvDM8s/;Carousel;126;1;0;17.11.2025 16:09;https://scontent-phx1-1.cdninstagram.com/v/t39.30808-6/584125751_1219082150032793_5442982417749368642_n.jpg?stp=dst-jpg_e35_tt6&_nc_cat=109&ig_cache_key=Mzc2Nzg2ODcwNjM1NDEyMDc5Ng%3D%3D.3-ccb7-5&ccb=7-5&_nc_sid=58cdad&efg=eyJ2ZW5jb2RlX3RhZyI6InhwaWRzLjIwNDh4MTM2NS5zZHIuQzMifQ%3D%3D&_nc_ohc=ZE3B6IkpYPgQ7kNvwEq-REc&_nc_oc=Adl2Ctt0kMT7A1YrQ5tx1qiSQZGkcIhkgdjHM6iA-UiSosOkD-P9Yc7qxjAHXoZfHmcLFBibNzXQwfAZJk1TllLD&_nc_ad=z-m&_nc_cid=0&_nc_zt=23&_nc_ht=scontent-phx1-1.cdninstagram.com&_nc_gid=ee41DnezPBMB4FfTqKDIyg&oh=00_AfgxwVoHWTAIph9Qj9Yr9Drp32Wc-DM00d9nmE56MZdMWg&oe=692CBFF9;Rize Valisi İhsan Selim Baydaş ve İl Millî Eğitim Müdürü Halil İbrahim Akmeşe ile birlikte, TOBB İlkokulu öğretmen ve yöneticileriyle bir araya geldik.;
https://www.instagram.com/p/DRKJObmjM2V/;Reels;197;0;4042;17.11.2025 16:02;https://scontent-phx1-1.cdninstagram.com/v/t51.82787-15/582419511_18543066607053363_8833825679850102366_n.jpg?stp=dst-jpg_e15_tt6&_nc_cat=109&ig_cache_key=Mzc2Nzg2NDYxMjM3NzkwNjU4MTE4NTQzMDY2NjA0MDUzMzYz.3-ccb7-5&ccb=7-5&_nc_sid=58cdad&efg=eyJ2ZW5jb2RlX3RhZyI6InhwaWRzLjEwODB4MTkyMC5zZHIuQzMifQ%3D%3D&_nc_ohc=NGErRXCe9eAQ7kNvwGjFTfs&_nc_oc=AdmubPx8h2wVylIWwpBC6GXrueGp-040wR79B8dZhTxvJX7CwUhNZ0KM9DKIREGVyTDHQVfSmCQpHhpvBZWDHXww&_nc_ad=z-m&_nc_cid=0&_nc_zt=23&_nc_ht=scontent-phx1-1.cdninstagram.com&_nc_gid=ee41DnezPBMB4FfTqKDIyg&oh=00_AfjppZUCMdzCqUoMPur6Ij5kaLUS0lvy3iIxxdXF5a_wHA&oe=692CD69E;Rize Belediyesi olarak, Rize Valiliğimizin himayelerinde ve İl Millî Eğitim Müdürlüğümüzün koordinasyonunda yürütülen “İngilizce Koridoru” projesine destek vermekten büyük mutluluk duyuyoruz. Şehrimizdeki 25 ilkokulda hayata geçirilen bu proje ile çocuklarımızın İngilizceyi daha kolay, eğlenceli ve kalıcı şekilde öğrenmelerine katkı sağlamayı hedefliyoruz. TOBB İlkokulu’nda gerçekleştirilen açılışta öğrencilerimizin hazırladığı etkinlikleri izlemek bizlere büyük gurur yaşattı. Bu anlamlı projeye destek veren tüm kurumlarımıza ve katkı sağlayan firma sahibine teşekkür ediyorum.;
https://www.instagram.com/p/DRKExihjJdB/;Carousel;96;0;0;17.11.2025 15:22;https://scontent-phx1-1.cdninstagram.com/v/t39.30808-6/584134016_1219053456702329_102963420908880695_n.jpg?stp=dst-jpg_e35_tt6&_nc_cat=102&ig_cache_key=Mzc2Nzg0NTAxOTE1NjQ4ODUwOA%3D%3D.3-ccb7-5&ccb=7-5&_nc_sid=58cdad&efg=eyJ2ZW5jb2RlX3RhZyI6InhwaWRzLjIwNDh4MTM2NS5zZHIuQzMifQ%3D%3D&_nc_ohc=mL5jkK_9KtYQ7kNvwE8plgC&_nc_oc=AdmduPY9Tt5iffw5K4X6RBWPkzpL53gy286Z4qerxRs0Z2DMN2Oy_KKqVjrsfhT7ipCsNFvT7LqbnBQ34vvJVQWm&_nc_ad=z-m&_nc_cid=0&_nc_zt=23&_nc_ht=scontent-phx1-1.cdninstagram.com&_nc_gid=ee41DnezPBMB4FfTqKDIyg&oh=00_AfiN1C55ek0T6P1DM7sHDLnuoAPcmETBM_-xo2Gjn9wy3w&oe=692CE26E;Rize Belediyesi olarak, Rize Valiliğimizin himayelerinde ve İl Millî Eğitim Müdürlüğümüzün koordinasyonunda yürütülen “İngilizce Koridoru” projesine destek vermekten büyük mutluluk duyuyoruz. Şehrimizdeki 25 ilkokulda hayata geçirilen bu proje ile çocuklarımızın İngilizceyi daha kolay, eğlenceli ve kalıcı şekilde öğrenmelerine katkı sağlamayı hedefliyoruz. TOBB İlkokulu’nda gerçekleştirilen açılışta öğrencilerimizin hazırladığı etkinlikleri izlemek bizlere büyük gurur yaşattı. Bu anlamlı projeye destek veren tüm kurumlarımıza ve katkı sağlayan firma sahibine teşekkür ediyorum.;
https://www.instagram.com/p/DRH_09FjKOu/;Reels;1417;14;34900;16.11.2025 20:00;https://scontent-phx1-1.cdninstagram.com/v/t51.71878-15/582739586_860824259719417_2306607294722460803_n.jpg?stp=dst-jpg_e15_tt6&_nc_cat=111&ig_cache_key=Mzc2NzI2MDMyOTI1MzA1MzM1OA%3D%3D.3-ccb7-5&ccb=7-5&_nc_sid=58cdad&efg=eyJ2ZW5jb2RlX3RhZyI6InhwaWRzLjY0MHgxMTM2LnNkci5DMyJ9&_nc_ohc=aK8PjNGhfyAQ7kNvwHDEoaM&_nc_oc=AdlKQBizwuj5kNUTgMAj40XS-DIkKUnhCXwP-9iQc84zjaJB3o8FjgSuCoggCtFFRDd7ht8feQTiy2DNpUj0vaBp&_nc_ad=z-m&_nc_cid=0&_nc_zt=23&_nc_ht=scontent-phx1-1.cdninstagram.com&_nc_gid=ee41DnezPBMB4FfTqKDIyg&oh=00_AfglKG07IeNg3Uo6EMHl0EIjNAfRfFlGeRMDh2e1Lnm7QQ&oe=692CC6AE;💚💙 Kale'de buluşalım, Rize'yle bakışalım 🏰🌿🌊📸 . . . . . 📍 Rize Kalesi . . #Rize #rizekalesi #karadeniz;
https://www.instagram.com/p/DRFxT2qjfqf/;Photo;79;1;0;15.11.2025 23:15;https://scontent-muc2-1.cdninstagram.com/v/t39.30808-6/580351246_1217857463488595_2001106105573138903_n.jpg?stp=dst-jpg_e35_tt6&_nc_cat=108&ig_cache_key=Mzc2NjYzMzUzMjAxMDM5NjMxOQ%3D%3D.3-ccb7-5&ccb=7-5&_nc_sid=58cdad&efg=eyJ2ZW5jb2RlX3RhZyI6InhwaWRzLjE0NDB4OTYwLnNkci5DMyJ9&_nc_ohc=ug79fTbeC8EQ7kNvwHmVtez&_nc_oc=Adk_RywoXBq-szc1UkkZUjM8w0q-xCX3LmKbIloMa-Gu3t8cxQ7dfy7VgTjdJH8GnyA&_nc_ad=z-m&_nc_cid=0&_nc_zt=23&_nc_ht=scontent-muc2-1.cdninstagram.com&_nc_gid=wZ4-GVv7yGmyMaPz-XC-iw&oh=00_AfhwmsyjzyCJa3aqIl23yMIyPfQxdifnD2KLwVtKazEqDQ&oe=692CDA93;🇹🇷 Tebrikler Bizim Çocuklar 👏🏻  2026 FIFA Dünya Kupası yolunda emin adımlarla.;
https://www.instagram.com/p/DRCnp5YEcgI/;Photo;90;0;0;14.11.2025 17:53;https://scontent-muc2-1.cdninstagram.com/v/t39.30808-6/582406368_1216941950246813_8521437000751393939_n.jpg?stp=dst-jpg_e35_tt6&_nc_cat=103&ig_cache_key=Mzc2NTc0NjY0MTM1NDczNzY3Mg%3D%3D.3-ccb7-5&ccb=7-5&_nc_sid=58cdad&efg=eyJ2ZW5jb2RlX3RhZyI6InhwaWRzLjE0NDB4MTEwMS5zZHIuQzMifQ%3D%3D&_nc_ohc=OMQU9P_y46cQ7kNvwGCSY3f&_nc_oc=AdmfYEWU3fAQigxWSInxfoDJKa2lPG2pi6LAO26pLvKZdr-q2psm-ZQZ3x_FVxgS_78&_nc_ad=z-m&_nc_cid=0&_nc_zt=23&_nc_ht=scontent-muc2-1.cdninstagram.com&_nc_gid=wZ4-GVv7yGmyMaPz-XC-iw&oh=00_AfjNAtysFlK96yzcburdTUatNM5u_kLQPC0orA2rLxz2GA&oe=692CCAF5;Karayolları Genel Müdürü Ahmet Gülşen ve Karayolları Genel Müdür Yardımcısı Selahattin Bayramcavuş'u ziyaret ederek ilimizdeki planlanan ve devam eden yatırımlarla ilgili istişarelerde bulunduk.;
https://www.instagram.com/p/DRBxpR4jIXs/;Photo;102;0;0;14.11.2025 10:01;https://scontent-muc2-1.cdninstagram.com/v/t39.30808-6/584115930_1216681406939534_1244364038381611873_n.jpg?stp=dst-jpg_e35_tt6&_nc_cat=109&ig_cache_key=Mzc2NTUwOTEwNDQzODM4MDAxMg%3D%3D.3-ccb7-5&ccb=7-5&_nc_sid=58cdad&efg=eyJ2ZW5jb2RlX3RhZyI6InhwaWRzLjE2MDB4OTk0LnNkci5DMyJ9&_nc_ohc=A4HzkMgvWZgQ7kNvwHYTsN6&_nc_oc=AdlFksfMVQ3DHxzLqppOrlak02fLKpZARiRt_RXgckye44NODRGJhKTY362sH619Iv0&_nc_ad=z-m&_nc_cid=0&_nc_zt=23&_nc_ht=scontent-muc2-1.cdninstagram.com&_nc_gid=wZ4-GVv7yGmyMaPz-XC-iw&oh=00_AfiZpMiYCfTW9QLpdXy9nuoybG4aozKLQQM2gaIZhJmfHA&oe=692CD746;"Türk Hava Yolları Genel Müdürü Bilal Ekşi ve Yönetim Kurulu Başkanı Sayın Ahmet Bolat'ı; Valimiz İhsan Selim Baydaş, Milletvekillerimiz Muhammed Avcı, Harun Mertoğlu ve AK Parti İl Başkanımız Yılmaz Katmer ile Birlikte ziyaret ettik.  Havalimanımız ile ilgili sorunların istişaresini gerçekleştirdik.";
https://www.instagram.com/p/DQ67sGajod0/;Photo;87;0;0;11.11.2025 18:14;https://scontent-muc2-1.cdninstagram.com/v/t39.30808-6/578964846_1214503447157330_154585808280515020_n.jpg?stp=dst-jpg_e35_tt6&_nc_cat=107&ig_cache_key=Mzc2MzU4Mjk1MzkxMDYwMTU4OA%3D%3D.3-ccb7-5&ccb=7-5&_nc_sid=58cdad&efg=eyJ2ZW5jb2RlX3RhZyI6InhwaWRzLjc1Mng1MDIuc2RyLkMzIn0%3D&_nc_ohc=BWtiyztVgLAQ7kNvwEnTT6Q&_nc_oc=AdlcWjFC6xgjfPhKW4PsuD8NGtRq9gFUb8zWZzwm4kAVw1-x-GSS9oNozRVf-7JU5Ig&_nc_ad=z-m&_nc_cid=0&_nc_zt=23&_nc_ht=scontent-muc2-1.cdninstagram.com&_nc_gid=wZ4-GVv7yGmyMaPz-XC-iw&oh=00_Afh6CR8XqfXLaMpPJRRMYKhOsvz3U1Wm28BZ1h7i_nw9Uw&oe=692CC024;Azerbaycan’dan ülkemize gelmekte olan Milli Savunma Bakanlığımıza ait C130 askeri kargo uçağımızın Gürcistan-Azerbaycan sınırında düştüğü haberini büyük bir üzüntüyle takip ediyoruz…  Şehitlerimize Allah’tan rahmet, ailelerine ve sevenlerine sabırlar diliyorum.   Aziz milletimizin başı sağ olsun. 🇹🇷;
https://www.instagram.com/p/DQ6nlqPjFMz/;Carousel;108;1;0;11.11.2025 15:18;https://scontent-muc2-1.cdninstagram.com/v/t39.30808-6/580817308_1214366053837736_4609719366831446914_n.jpg?stp=dst-jpg_e35_tt6&_nc_cat=103&ig_cache_key=Mzc2MzQ5NDUzMjcyMjQ3MzM5MA%3D%3D.3-ccb7-5&ccb=7-5&_nc_sid=58cdad&efg=eyJ2ZW5jb2RlX3RhZyI6InhwaWRzLjIwNDh4MTM2NS5zZHIuQzMifQ%3D%3D&_nc_ohc=I1-3gg4lwFoQ7kNvwEI6TSD&_nc_oc=AdlW3vq4GYwutP27nKNZ3pVnsNtzJ4qBCkcJRwgMGBZvX24GBrJ5z0PPqna6QaIkY1s&_nc_ad=z-m&_nc_cid=0&_nc_zt=23&_nc_ht=scontent-muc2-1.cdninstagram.com&_nc_gid=wZ4-GVv7yGmyMaPz-XC-iw&oh=00_Afjf9UQeLrFdWllT8tYti4Gul7YY41CPEu3lOMQhSw903A&oe=692CD3A6;11 Kasım Milli Ağaçlandırma Günü kapsamında, Recep Tayyip Erdoğan Üniversitesi Sağlık Bilimleri Fakültesi bahçesinde anlamlı bir etkinliğe imza attık.  Rize Valimiz İhsan Selim Baydaş, değerli eşim Fatma Metin, kamu kurumlarımızın ve siyasi partilerimizin temsilcileri, öğrencilerimiz ve kıymetli hemşehrilerimizle birlikte fidanlarımızı toprakla buluşturduk.;
https://www.instagram.com/p/DQ6nSDNjKoD/;Carousel;197;0;0;11.11.2025 15:16;https://scontent-muc2-1.cdninstagram.com/v/t39.30808-6/581269441_1214364173837924_7775357523591930509_n.jpg?stp=dst-jpg_e35_tt6&_nc_cat=111&ig_cache_key=Mzc2MzQ5MzE4OTg1NzMyMzg1OQ%3D%3D.3-ccb7-5&ccb=7-5&_nc_sid=58cdad&efg=eyJ2ZW5jb2RlX3RhZyI6InhwaWRzLjIwNDh4MTM2NS5zZHIuQzMifQ%3D%3D&_nc_ohc=lY9I8_wNtloQ7kNvwHt6ep-&_nc_oc=Admdti8SQGcU2RPDDZcZm_EkUeCpmuUJzpUUxLzS0MZlSfuVd3pH6Htc7tv8O7IOSZA&_nc_ad=z-m&_nc_cid=0&_nc_zt=23&_nc_ht=scontent-muc2-1.cdninstagram.com&_nc_gid=wZ4-GVv7yGmyMaPz-XC-iw&oh=00_Afjxvm-nnBi_0lDV6qJdUUyiJayTNFomsY-wqCLkxdCzug&oe=692CDE1B;Rize Valimiz İhsan Selim Baydaş ve RİBEGEM gönüllüsü gençlerimizle birlikte Sahil Rekreasyon Alanı’nda hayata geçirdiğimiz Müzik Parkı’nı ziyaret ettik. Gençlerimizle müzik aletlerini deneyimleyip keyifli sohbetler gerçekleştirdik.;
https://www.instagram.com/p/DQ6nCgZjInA/;Carousel;161;0;0;11.11.2025 15:14;https://scontent-muc2-1.cdninstagram.com/v/t39.30808-6/580553293_1214362597171415_8049898449008697165_n.jpg?stp=dst-jpg_e35_tt6&_nc_cat=111&ig_cache_key=Mzc2MzQ5MjExOTMwMzE5ODQ3MQ%3D%3D.3-ccb7-5&ccb=7-5&_nc_sid=58cdad&efg=eyJ2ZW5jb2RlX3RhZyI6InhwaWRzLjIwNDh4MTM2NS5zZHIuQzMifQ%3D%3D&_nc_ohc=EE8p5aDqz-YQ7kNvwFKmfEF&_nc_oc=AdlXizJ5k9hhqA0jV6szrlFt36ZV68b6ZfEXkPQ4igSW3Yn2bkJQAN1oc-KTY0v7O6c&_nc_ad=z-m&_nc_cid=0&_nc_zt=23&_nc_ht=scontent-muc2-1.cdninstagram.com&_nc_gid=wZ4-GVv7yGmyMaPz-XC-iw&oh=00_AfhVV70XnzegEKLjZDujNNmBy46yj2NGOPhjIfFJUYQJIA&oe=692CC2C0;"Bugün 11 Kasım Milli Ağaçlandırma Günü vesilesiyle Sahil Rekreasyon Alanı’nda geleceğe nefes olduk. RİBEGEM gönüllüsü gençlerimizle birlikte gerçekleştirdiğimiz fidan dikim etkinliğinde; Rize Valimiz İhsan Selim Baydaş’a, değerli eşim Fatma Metin’e, Engelsiz Yaşam Merkezimizin özel bireylerine, ÜNİAK topluluğu gençlerine, kamu kurumlarımızın temsilcilerine ve kıymetli hemşehrilerimize yürekten teşekkür ediyorum.";
https://www.instagram.com/p/DQ4LhspkXGz/;Reels;287;7;7362;10.11.2025 16:36;https://scontent-muc2-1.cdninstagram.com/v/t51.82787-15/579874759_18541036723053363_3148776542102527708_n.jpg?stp=dst-jpg_e15_tt6&_nc_cat=102&ig_cache_key=Mzc2MjgwODE4Mjg2NDQ0MTc3OTE4NTQxMDM2NzE3MDUzMzYz.3-ccb7-5&ccb=7-5&_nc_sid=58cdad&efg=eyJ2ZW5jb2RlX3RhZyI6InhwaWRzLjE5MjB4MTA4MC5zZHIuQzMifQ%3D%3D&_nc_ohc=mIyPQ0aFTNcQ7kNvwG2u1OO&_nc_oc=AdnE3id1u4d53FgnpOKrAyN1GTII8_vmtDOuV1QJF6hCKrE8U_NhAKhWV2-H0y88cpg&_nc_ad=z-m&_nc_cid=0&_nc_zt=23&_nc_ht=scontent-muc2-1.cdninstagram.com&_nc_gid=wZ4-GVv7yGmyMaPz-XC-iw&oh=00_AfiewNH2pKOQ8OKkMfbFLYtYa82EduBJGcfSJQBsVuWYtg&oe=692CC4E0;Rize’mizde devam eden yatırımları, Başkan Yardımcılarımız Muhittin Aydın Bilsel ve Ahmet Murat Taviloğlu ile birlikte sahada inceleyerek, teknik ekiplerden çalışmaların ilerleyişi hakkında bilgi aldık.;
https://www.instagram.com/p/DQ4Cg2EjNhc/;Carousel;95;0;0;10.11.2025 15:16;https://scontent-muc2-1.cdninstagram.com/v/t39.30808-6/578754305_1213537520587256_2069101716334258454_n.jpg?stp=c0.0.1599.1066a_dst-jpg_e35_s1599x1066_tt6&_nc_cat=100&ig_cache_key=Mzc2Mjc2ODUzMTc1OTU4NjEyNA%3D%3D.3-ccb7-5&ccb=7-5&_nc_sid=58cdad&efg=eyJ2ZW5jb2RlX3RhZyI6InhwaWRzLjE2MDB4MTA2Ni5zZHIuQzMifQ%3D%3D&_nc_ohc=1vA0lMnS2y0Q7kNvwH3zIdU&_nc_oc=AdmPE9g7J9bsScTanbV4lVMZNjSKTNbwXk-sXzvjm0l-5rN1Rl7u5HdqWE6IouDCOso&_nc_ad=z-m&_nc_cid=0&_nc_zt=23&_nc_ht=scontent-muc2-1.cdninstagram.com&_nc_gid=wZ4-GVv7yGmyMaPz-XC-iw&oh=00_Afj_NqqT7xRc7lRpLuTtTQFHB91vqSkkYtWhODvcwOjD5Q&oe=692CDD57;"Gazi Mustafa Kemal Atatürk'ün ebediyete irtihalinin 87. yıl dönümü dolayısıyla İsmail Kahraman Kültür Merkezinde düzenlenen ""Atatürk’ü Anma"" programına katılım sağladık.";
https://www.instagram.com/p/DQ3o89ijHC4/;Carousel;118;0;0;10.11.2025 11:33;https://scontent-muc2-1.cdninstagram.com/v/t39.30808-6/579631732_1213400943934247_5872952515965859224_n.jpg?stp=dst-jpg_e35_tt6&_nc_cat=107&ig_cache_key=Mzc2MjY1NjExNTMzNTkwNTQ5Ng%3D%3D.3-ccb7-5&ccb=7-5&_nc_sid=58cdad&efg=eyJ2ZW5jb2RlX3RhZyI6InhwaWRzLjE0Mzl4OTU5LnNkci5DMyJ9&_nc_ohc=XoVyFaRocPUQ7kNvwGcgeN-&_nc_oc=AdmP67eD2qY9VwTBVTmOwlPQMSsScB1dz24llOOZrz-hFra1oBgrJSBxXTSdNJmrpIk&_nc_ad=z-m&_nc_cid=0&_nc_zt=23&_nc_ht=scontent-muc2-1.cdninstagram.com&_nc_gid=wZ4-GVv7yGmyMaPz-XC-iw&oh=00_AfgT2gSDLZ8HnNsUoNxhSQzVsXfbmfRF75nF8R47juR0GQ&oe=692CD7D8;🇹🇷 Gazi Mustafa Kemal Atatürk’ü vefatının 87. yılında düzenlediğimiz törenle saygı ve minnetle andık.;
https://www.instagram.com/p/DQ2jt0RjJJd/;Photo;49;0;0;10.11.2025 01:28;https://scontent-muc2-1.cdninstagram.com/v/t39.30808-6/577737025_1213069887300686_7555815759653889207_n.jpg?stp=dst-jpg_e35_tt6&_nc_cat=101&ig_cache_key=Mzc2MjM1MTYxODg0Nzk2OTg4NQ%3D%3D.3-ccb7-5&ccb=7-5&_nc_sid=58cdad&efg=eyJ2ZW5jb2RlX3RhZyI6InhwaWRzLjIwNDh4MjA0OC5zZHIuQzMifQ%3D%3D&_nc_ohc=BLHVyIeDEw0Q7kNvwEi3EIJ&_nc_oc=AdmzK2MVZuC_WPBDBQC63-MomkdQHceJs7DOg_pm9v6xxvhWimiQ_vn7gns2UroOsZk&_nc_ad=z-m&_nc_cid=0&_nc_zt=23&_nc_ht=scontent-muc2-1.cdninstagram.com&_nc_gid=wZ4-GVv7yGmyMaPz-XC-iw&oh=00_AfjUMh7jWSHm93JSPv4fjjmVbH7tNKtHb_ZWVwYvktfHtQ&oe=692CC22F;;
https://www.instagram.com/p/DQ1-MjBDEYL/;Reels;464;5;14518;9.11.2025 20:00;https://scontent-muc2-1.cdninstagram.com/v/t51.71878-15/573120906_24951698877774377_4529967680243002011_n.jpg?stp=dst-jpg_e15_tt6&_nc_cat=109&ig_cache_key=Mzc2MjE4NjYwNDg1Mzg3MjEzOQ%3D%3D.3-ccb7-5&ccb=7-5&_nc_sid=58cdad&efg=eyJ2ZW5jb2RlX3RhZyI6InhwaWRzLjY0MHgxMTM2LnNkci5DMiJ9&_nc_ohc=RUSbYRQ-jGoQ7kNvwFcQL8c&_nc_oc=Admlci-j5ei1MEyAUlgCGP-LgD5o0oQT3UnrGpi6Qso50swb4_WuWgWR93wyXuh2rXY&_nc_ad=z-m&_nc_cid=0&_nc_zt=23&_nc_ht=scontent-muc2-1.cdninstagram.com&_nc_gid=wZ4-GVv7yGmyMaPz-XC-iw&oh=00_AfjP2l2Mv0-BmMtOyznqDYIdz2BgRdKKF4qG1mJZX-AnGA&oe=692CC5FC;Bu evde birlikte yaşlanmak istediğin kişiye gönder 💚  📍 Rize – İkizdere  #Rize #İkizdere #Karadeniz;
https://www.instagram.com/p/DQ1ii6piE-e/;Reels;83;0;4299;9.11.2025 15:58;https://scontent.cdninstagram.com/v/t51.71878-15/580023659_827676490127810_347637188866750668_n.jpg?stp=dst-jpg_e15_tt6&_nc_cat=109&ig_cache_key=Mzc2MjA2NDk5Njc1NTMyODkyNg%3D%3D.3-ccb7-5&ccb=7-5&_nc_sid=58cdad&efg=eyJ2ZW5jb2RlX3RhZyI6InhwaWRzLjY0MHgzNjAuc2RyLkMzIn0%3D&_nc_ohc=u4ZupCkTrSQQ7kNvwF1-aY9&_nc_oc=AdmUXgUMv_7LbO_5yXxDpEAI7JAOf-zDqSYeHhePE-gK_-cT-ze1dBe1LQsKeIkbgxM&_nc_ad=z-m&_nc_cid=0&_nc_zt=23&_nc_ht=scontent.cdninstagram.com&_nc_gid=0FmOmEAYzRXQjKnjhdXl9A&oh=00_AfjDhnKAq8jtCdKbRThxMZ7-p0u1309D9kbRvMO4i1o4eQ&oe=692CC0B0;Cumhurbaşkanımız Sayın Recep Tayyip Erdogan’ın liderliğiyle 23 yılda birçok alanda ilklere imza attık. Bu yıl da #YeşilVatanSeferberliği ile 550 milyon fidanı ve tohumu toprakla buluşturacak, vatan toprağının her bir karışına imzamızı fidanlarla atacağız.   👉 Sen de gelecegenefes.gov.tr adresinden fidan sahiplen, Yeşil Vatan’ımıza imzanı bırak.  #GeleceğeNefes #YeşilVatanSeferberliği;
https://www.instagram.com/p/DQsM_KhDCem/;Carousel;160;1;0;6.11.2025 00:57;https://scontent.cdninstagram.com/v/t39.30808-6/577021896_1209744760966532_5020612838899207310_n.jpg?stp=c57.0.1933.1365a_dst-jpg_e35_tt6&_nc_cat=104&ig_cache_key=Mzc1OTQzNjg4ODE4OTcxNzgzNg%3D%3D.3-ccb7-5&ccb=7-5&_nc_sid=58cdad&efg=eyJ2ZW5jb2RlX3RhZyI6InhwaWRzLjIwNDh4MTM2NS5zZHIuQzMifQ%3D%3D&_nc_ohc=v-NBvhidNjoQ7kNvwF7-1Gc&_nc_oc=AdnGbIQu-V5qTGcWZra5WpWOAM3kbVBs3BIvlWCT6Drw1si12EZvMdcBnHESrL2zSa0&_nc_ad=z-m&_nc_cid=0&_nc_zt=23&_nc_ht=scontent.cdninstagram.com&_nc_gid=0FmOmEAYzRXQjKnjhdXl9A&oh=00_AfhLGK5PWsG_JM2V6Hk3PA1iyFMmz2yEHSk9FJhNF5LBug&oe=692CC692;"Rize Valiliğimizin himayelerinde; Rize Belediyesi olarak destek verdiğimiz, Rize Dernekler Federasyonu (RİDEF) ve Rize Dernekler ve Vakıflar Birliği Vakfı (RİDEVA) iş birliğinde düzenlenen 14. Rize Günleri’nin açılış programını gerçekleştirdik.";
https://www.instagram.com/p/DQrvUxujmJG/;Carousel;137;1;0;5.11.2025 20:37;https://scontent.cdninstagram.com/v/t39.30808-6/577031710_1209605344313807_6309587798035716481_n.jpg?stp=c0.0.1440.1079a_dst-jpg_e35_tt6&_nc_cat=107&ig_cache_key=Mzc1OTMwNjQ0MDYzNzgxNDg5OQ%3D%3D.3-ccb7-5&ccb=7-5&_nc_sid=58cdad&efg=eyJ2ZW5jb2RlX3RhZyI6InhwaWRzLjE0NDB4MTA4MC5zZHIuQzMifQ%3D%3D&_nc_ohc=6qhuA7Sa_wYQ7kNvwENzJjx&_nc_oc=AdnsWJ8JRPLxGU-ONVe4EnTg8_qlnMWdmAvqA7m0NRC2dqC-X_Ar7j2beATQar_3qvc&_nc_ad=z-m&_nc_cid=0&_nc_zt=23&_nc_ht=scontent.cdninstagram.com&_nc_gid=0FmOmEAYzRXQjKnjhdXl9A&oh=00_AfiJgwuX40H262DfnaI7tqTG04upG_sBdZQNtu5g_Dxm8A&oe=692CDDB6;Bugün İstanbul’da, Recep Tayyip Erdoğan Üniversitesi Geliştirme Vakfı Mütevelli Heyet toplantısına katıldık.  Sayın Mütevelli Heyet Başkanımız Nusret Bayraktar, İlim Yayma Vakfı Mütevelli Heyeti Başkanı ve TÜGVA Yüksek İstişare Kurulu Üyesi Bilal Erdoğan, Rize Valimiz İhsan Selim Baydaş, Rektörümüz Prof. Dr. Yusuf Yılmaz ve kıymetli Mütevelli Heyet üyelerimizle birlikte üniversitemizin gelişimi adına önemli değerlendirmelerde bulunduk.;
https://www.instagram.com/p/DQopNBOEW9c/;Carousel;159;2;0;4.11.2025 15:46;https://scontent.cdninstagram.com/v/t39.30808-6/574120270_1208584917749183_5269659915545911158_n.jpg?stp=c0.0.1440.959a_dst-jpg_e35_tt6&_nc_cat=110&ig_cache_key=Mzc1ODQzNTA4NTQ2NjAyNTA3Mg%3D%3D.3-ccb7-5&ccb=7-5&_nc_sid=58cdad&efg=eyJ2ZW5jb2RlX3RhZyI6InhwaWRzLjE0NDB4OTYwLnNkci5DMyJ9&_nc_ohc=sZeUOmo8FiIQ7kNvwFiLtdX&_nc_oc=AdmBruGSnv0_toiEw0MnPa-vbLInkZUU8af7uV7Nro7kxb8hzaKrKP0mIDgFIsSwGvA&_nc_ad=z-m&_nc_cid=0&_nc_zt=23&_nc_ht=scontent.cdninstagram.com&_nc_gid=0FmOmEAYzRXQjKnjhdXl9A&oh=00_AfhZDutKy8kRcTdyYEGXlpXwE-ClIxMZ5HrNP-gzyZThnw&oe=692CCE90;Rize’mizde, İl Müftülüğümüzün öncülüğünde düzenlenen Hafızlık İcazet Merasimi’nde 164’ü kız, 436’sı erkek olmak üzere toplam 600 evladımız hafızlık tacını giydi. Diyanet İşleri Başkan Yardımcımız Osman Şahin ve Reis-ul Kurra Mustafa Demirkan hocamızın teşrifleriyle gerçekleşen bu anlamlı programda, Kur’an’a hizmet eden gençlerimizin heyecanına ortak olduk.;
https://www.instagram.com/p/DQmyvBIFUBm/;Photo;72;0;0;3.11.2025 22:31;https://scontent.cdninstagram.com/v/t39.30808-6/574980987_1208014221139586_8977832797242400896_n.jpg?stp=dst-jpg_e35_tt6&_nc_cat=107&ig_cache_key=Mzc1NzkxNDA3MjQzNzU3MTY4Ng%3D%3D.3-ccb7-5&ccb=7-5&_nc_sid=58cdad&efg=eyJ2ZW5jb2RlX3RhZyI6InhwaWRzLjEwODB4MTM1MC5zZHIuQzMifQ%3D%3D&_nc_ohc=GWmhQ72M2FkQ7kNvwGcBjBY&_nc_oc=AdnvtES84YM5bPTdvQmdv1IpLbYr798VlrrG6MfaMzWTC6Zmv4GCfc71yV80amcO2IU&_nc_ad=z-m&_nc_cid=0&_nc_zt=23&_nc_ht=scontent.cdninstagram.com&_nc_gid=0FmOmEAYzRXQjKnjhdXl9A&oh=00_AfhuRBCtq5XFLCAeQj7fJCGgz0VcLl6KHva5NQ041JF3yQ&oe=692CE598;Tebrikler Atmacam 💚💙;
https://www.instagram.com/p/DQmJ5TckSMN/;Carousel;115;0;0;3.11.2025 16:34;https://scontent.cdninstagram.com/v/t39.30808-6/573614953_1207798721161136_1103426334465860201_n.jpg?stp=c0.0.1440.959a_dst-jpg_e35_tt6&_nc_cat=111&ig_cache_key=Mzc1NzczNDQ1MDg0ODQwNTM2NQ%3D%3D.3-ccb7-5&ccb=7-5&_nc_sid=58cdad&efg=eyJ2ZW5jb2RlX3RhZyI6InhwaWRzLjE0NDB4OTYwLnNkci5DMyJ9&_nc_ohc=hrnvnbYK3WUQ7kNvwGRNXpk&_nc_oc=AdnGXL5GNHyY89-pqp3ixhAOiqsy_2HDEL5JGBX0xPajmQrVOH31yUv7LefMHFNoh10&_nc_ad=z-m&_nc_cid=0&_nc_zt=23&_nc_ht=scontent.cdninstagram.com&_nc_gid=0FmOmEAYzRXQjKnjhdXl9A&oh=00_AfhIrM0lPAYCkzIlFNZxD-BmobW-seb0XEk66zvf9WNpPw&oe=692CC253;Rize Valisi İhsan Selim Baydaş, TBMM İnsan Haklarını İnceleme Komisyonu Başkanı, AK Parti Osmaniye Milletvekili ve Eski Aile ve Sosyal Hizmetler Bakanı Derya Yanık, Ayrımcılığın Önlenmesi Alt Komisyonu Başkanı, AK Parti Rize Milletvekili Harun Mertoğlu, Alt Komisyon Üyesi, AK Parti Diyarbakır Milletvekili Mehmet Sait Yaz ve Alt Komisyon Üyesi, DEVA Partisi Kahramanmaraş Milletvekili İrfan Karatutlu ile birlikte Recep Tayyip Erdoğan Üniversitesini ziyaret ettik.  Üniversitemizin Rektörü Prof. Dr. Yusuf Yılmaz ile gerçekleştirdiğimiz görüşmede şehrimizin akademik gelişimi, gençlerimizin geleceği ve üniversite-şehir iş birliği üzerine verimli değerlendirmelerde bulunduk.;
https://www.instagram.com/p/DQmJgnzEady/;Photo;64;0;0;3.11.2025 16:31;https://scontent.cdninstagram.com/v/t39.30808-6/574900691_1207796557828019_8004906632888598820_n.jpg?stp=dst-jpg_e35_tt6&_nc_cat=111&ig_cache_key=Mzc1NzczMjc2MzI2MTgzOTIxOA%3D%3D.3-ccb7-5&ccb=7-5&_nc_sid=58cdad&efg=eyJ2ZW5jb2RlX3RhZyI6InhwaWRzLjE0NDB4MTEwMC5zZHIuQzMifQ%3D%3D&_nc_ohc=_JaepYFVOiIQ7kNvwEQImnH&_nc_oc=Adn8A8f7FOAz9XPNoMGC8iNTIWkurbqkN1vcTK-rvwBJQGvCI3Wi88sL7DtP5MZQKaI&_nc_ad=z-m&_nc_cid=0&_nc_zt=23&_nc_ht=scontent.cdninstagram.com&_nc_gid=0FmOmEAYzRXQjKnjhdXl9A&oh=00_AfhKwmFedBnbCVWo1p4l7NwIIdD7gLM0HUDjFriFZlHOIQ&oe=692CBF81;Saadet Partisi Rize İl Başkanı Muhammet Kaçar, Merkez İlçe Başkanı Mustafa Kalender ve yönetim kurulu üyelerine ziyaretlerinden dolayı teşekkür ederim.;
https://www.instagram.com/p/DQl6s5IlH4K/;Photo;96;1;0;3.11.2025 14:21;https://scontent.cdninstagram.com/v/t39.30808-6/574572979_1207714627836212_3807983343539867837_n.jpg?stp=dst-jpg_e35_tt6&_nc_cat=111&ig_cache_key=Mzc1NzY2NzYzNTgxMjQwMDY1MA%3D%3D.3-ccb7-5&ccb=7-5&_nc_sid=58cdad&efg=eyJ2ZW5jb2RlX3RhZyI6InhwaWRzLjE0NDB4MTQ0MC5zZHIuQzMifQ%3D%3D&_nc_ohc=zM9TV1BdK1AQ7kNvwEfahTo&_nc_oc=AdkAHqjOr2nN94ljpIvj73loYyTCVKFhAVc0j4oTWZ5MHRgfoK6YD3VeGybXPCjJ_1w&_nc_ad=z-m&_nc_cid=0&_nc_zt=23&_nc_ht=scontent.cdninstagram.com&_nc_gid=0FmOmEAYzRXQjKnjhdXl9A&oh=00_Afg-feWRQhUJ_CmejhOMWcyclsTQ-U_G8tYXiWx9wUXefQ&oe=692CD9E1;Türk Havayolları (THY) Trabzon Bölge Müdürü Osman Hacımahmutoğlu’na ziyaretlerinden dolayı teşekkür ederim.;
https://www.instagram.com/p/DQl6hJ0DnIb/;Carousel;91;0;0;3.11.2025 14:20;https://scontent.cdninstagram.com/v/t39.30808-6/558862415_1207713334503008_9209179247398727021_n.jpg?stp=c0.0.1440.959a_dst-jpg_e35_tt6&_nc_cat=102&ig_cache_key=Mzc1NzY2NjgxMTU4MDk3MTQxNg%3D%3D.3-ccb7-5&ccb=7-5&_nc_sid=58cdad&efg=eyJ2ZW5jb2RlX3RhZyI6InhwaWRzLjE0NDB4OTYwLnNkci5DMyJ9&_nc_ohc=BZmb5SbFiqcQ7kNvwG9Hzsv&_nc_oc=AdmaBsNDH2vY2wOc5b9p_3HYAguM0TveyP-COTF5ZQ5e8W6ZAZRGuh0-H6leYx6kjPw&_nc_ad=z-m&_nc_cid=0&_nc_zt=23&_nc_ht=scontent.cdninstagram.com&_nc_gid=0FmOmEAYzRXQjKnjhdXl9A&oh=00_AfgD2f08i86JsU0owoluFOojSuxLoQhGVZhHZsa0aNBOxA&oe=692CE869;Recep Tayyip Erdoğan Üniversitesi’nde, TBMM Ayrımcılığın Önlenmesi Alt Komisyonu iş birliğiyle düzenlenen “Yükseköğretim Öğrencilerine Yönelik Ayrımcılığın Önlenmesi Konferansı”na katıldık.;
https://www.instagram.com/p/DQkjkVbCIy5/;Reels;80;0;6073;3.11.2025 01:40;https://scontent.cdninstagram.com/v/t51.71878-15/573813970_620773254363104_1253078506086114855_n.jpg?stp=dst-jpg_e15_tt6&_nc_cat=106&ig_cache_key=Mzc1NzI4NDQxNzY2NTAxMDg3Mw%3D%3D.3-ccb7-5&ccb=7-5&_nc_sid=58cdad&efg=eyJ2ZW5jb2RlX3RhZyI6InhwaWRzLjY0MHgzNjAuc2RyLkMzIn0%3D&_nc_ohc=A0vTT0-3H6EQ7kNvwGtzrKU&_nc_oc=Adlsy-Hb4MnDaoqU-4EVZnbLqGa5mFrzPHTd3QECYtoTjLRw17BnVbAzAmqujiC4Zp4&_nc_ad=z-m&_nc_cid=0&_nc_zt=23&_nc_ht=scontent.cdninstagram.com&_nc_gid=0FmOmEAYzRXQjKnjhdXl9A&oh=00_AfiLIDdCoOK76uhHNB0M99cvXFpotUIePNxCLR6gQhr1oA&oe=692CE561;#BirMilattır3Kasım;
https://www.instagram.com/p/DQj5OyNDHT2/;Reels;658;21;34666;2.11.2025 19:30;https://scontent.cdninstagram.com/v/t51.71878-15/573815507_31967786409536164_4817643322194162356_n.jpg?stp=dst-jpg_e15_tt6&_nc_cat=111&ig_cache_key=Mzc1NzA5ODIxODc4Njk0NDI0Ng%3D%3D.3-ccb7-5&ccb=7-5&_nc_sid=58cdad&efg=eyJ2ZW5jb2RlX3RhZyI6InhwaWRzLjY0MHgxMTM2LnNkci5DMyJ9&_nc_ohc=QMf3_syhCI8Q7kNvwH8p0x-&_nc_oc=AdkVtLZRfAPrXPlUP2pSx2Yjt1hez_vw3ysEoRou-k3hUMLjbRHv4KejJSOJ8VYN0Rg&_nc_ad=z-m&_nc_cid=0&_nc_zt=23&_nc_ht=scontent.cdninstagram.com&_nc_gid=0FmOmEAYzRXQjKnjhdXl9A&oh=00_AfjZXET6XDzLzIHhtslSiWO4I9TKVTY6ZcQB6Kb7oVsVWA&oe=692CBF52;Rize için uyarı 🌧️⚠️☔😄;
https://www.instagram.com/p/DQfSun4iufJ/;Reels;277;8;8157;1.11.2025 00:37;https://scontent.cdninstagram.com/v/t51.82787-15/571674938_18538430440053363_5737739145085741652_n.jpg?stp=dst-jpg_e15_tt6&_nc_cat=103&ig_cache_key=Mzc1NTgwMjk4MzAwNzk3MTI3MzE4NTM4NDMwNDM3MDUzMzYz.3-ccb7-5&ccb=7-5&_nc_sid=58cdad&efg=eyJ2ZW5jb2RlX3RhZyI6InhwaWRzLjcyMHgxMjY4LnNkci5DMyJ9&_nc_ohc=XX9hFoNN-tQQ7kNvwFCDTED&_nc_oc=Adm0-9pgQ4PQBgedrybRrSPHFCY2EEncfQnWtsRE8Itph3UEPi_KinrVIX4xGD0wAbU&_nc_ad=z-m&_nc_cid=0&_nc_zt=23&_nc_ht=scontent.cdninstagram.com&_nc_gid=0FmOmEAYzRXQjKnjhdXl9A&oh=00_AfjLpAtmXNVVwm-NOmkaSh64k_lDHfoxZ0JgZi4A8lhmOg&oe=692CE909;📍 Atatürk Caddesi’nde esnafımızla buluştuk, hemhal olduk.  Yoğun tempomuz arasında fırsat buldukça şehrimizin nabzını yerinde tutmaya, esnafımızla ve vatandaşlarımızla bir araya gelmeye devam ediyoruz. Bugün de Atatürk Caddesi güzergahında gerçekleştirdiğimiz ziyaretlerle hem sohbet ettik hem talepleri dinledik.;
https://www.instagram.com/p/DQevkj5DrSb/;Carousel;122;0;0;31.10.2025 19:29;https://scontent.cdninstagram.com/v/t39.30808-6/574341296_1205414681399540_4227561620006749822_n.jpg?stp=c0.0.1440.959a_dst-jpg_e35_tt6&_nc_cat=111&ig_cache_key=Mzc1NTY0ODM0MzAzNzg2NzU5Nw%3D%3D.3-ccb7-5&ccb=7-5&_nc_sid=58cdad&efg=eyJ2ZW5jb2RlX3RhZyI6InhwaWRzLjE0NDB4OTYwLnNkci5DMiJ9&_nc_ohc=F0_tzIOGt4IQ7kNvwHc1N9p&_nc_oc=AdkijVnbViPfTjrfm2E_nKPiVM4GDalE3hcEWsqefJ2BRuDY8g2PwSA0Y1ctnGESeow&_nc_ad=z-m&_nc_cid=0&_nc_zt=23&_nc_ht=scontent.cdninstagram.com&_nc_gid=elapG6thA1WEHzP_B9tR4w&oh=00_AfhHXJDN68Y5w1xLUr0Oq5Ht_Zyd4-SmQLvoSmvZuuHJlQ&oe=692CDF1C;Özbekistan Cumhuriyeti Ankara Büyükelçisi Sayın İlkhom Khaydarov'u makamımızda ağırlamaktan onur duydum. Kıymetli Büyükelçimiz ile Cumhurbaşkanımız Sayın Recep Tayyip Erdoğan'ın baba ocağı Rize'mizin eşsiz doğal güzelliklerini, turizm potansiyelimizi ve kadim kültürümüzü konuşma fırsatı bulduk.  Gösterdikleri yakın ilgi ve nazik ziyaretleri için Sayın Büyükelçi Khaydarov'a teşekkür ederim.;
https://www.instagram.com/p/DQa71hFj28u/;Photo;71;0;0;30.10.2025 08:00;https://scontent.cdninstagram.com/v/t39.30808-6/557636656_1181624083778600_3668508428216900455_n.jpg?stp=dst-jpg_e35_tt6&_nc_cat=103&ig_cache_key=Mzc1NDU3NjQwMTc2OTkxODI1NA%3D%3D.3-ccb7-5&ccb=7-5&_nc_sid=58cdad&efg=eyJ2ZW5jb2RlX3RhZyI6InhwaWRzLjIwNDh4MjA0OC5zZHIuQzMifQ%3D%3D&_nc_ohc=bR6R5Jcy1yoQ7kNvwFvznBj&_nc_oc=AdmdYAKDEp-K9LIAWdBQQxPvn5RRrPhTFo3aZtqKBj1_xcmU1ZiT0nqOFjWanYm6Zc4&_nc_ad=z-m&_nc_cid=0&_nc_zt=23&_nc_ht=scontent.cdninstagram.com&_nc_gid=elapG6thA1WEHzP_B9tR4w&oh=00_Afh1fqoRkPZEaF83j9FcFOtPaYCz0d5f9cXrPTF6hHZC9w&oe=692CE2CC;;
https://www.instagram.com/p/DQaFhbclHGp/;Carousel;127;1;0;30.10.2025 00:05;https://scontent.cdninstagram.com/v/t39.30808-6/574312908_1204065191534489_5371230350166427113_n.jpg?stp=c0.0.960.639a_dst-jpg_e35_tt6&_nc_cat=102&ig_cache_key=Mzc1NDMzNzUwNDkwMTQ5MzA3NQ%3D%3D.3-ccb7-5&ccb=7-5&_nc_sid=58cdad&efg=eyJ2ZW5jb2RlX3RhZyI6InhwaWRzLjk2MHg2NDAuc2RyLkMzIn0%3D&_nc_ohc=dMXGMUNsMnQQ7kNvwG5o16z&_nc_oc=AdkRkYb7W4tbQJwgKjsx0TIz-PwzymdzflKT5Fm-ChhA2pXd0TYkrey_hTVXG7WQMhk&_nc_ad=z-m&_nc_cid=0&_nc_zt=23&_nc_ht=scontent.cdninstagram.com&_nc_gid=elapG6thA1WEHzP_B9tR4w&oh=00_AfgioSOsritVOq8rEyo6wYl95e7v2_1QKbP3nyxkFzFTcw&oe=692CE0E5;"29 Ekim Cumhuriyet Bayramı münasebetiyle düzenlenen resepsiyon programına eşim Fatma Metin ile birlikte iştirak ettik.  Cumhuriyetimizin 102. yıl dönümünü vesilesiyle; Rize il protokolümüz, siyasi parti temsilcilerimiz, gazilerimiz, milli sporcularımız ve sivil toplum kuruluşlarımızın değerli temsilcileriyle bir araya gelerek bu anlamlı günü hep birlikte idrak ettik.  Cumhuriyetimizin kurucusu Gazi Mustafa Kemal Atatürk başta olmak üzere, tüm şehit ve gazilerimizi rahmet, minnet ve şükranla anıyor; milletimizin Cumhuriyet Bayramı’nı en içten dileklerimle kutluyorum.";
https://www.instagram.com/p/DQZtqjoD6JE/;Carousel;108;0;0;29.10.2025 20:37;https://scontent.cdninstagram.com/v/t39.30808-6/571236720_1203962241544784_5793173364883885898_n.jpg?stp=c0.0.1440.959a_dst-jpg_e35_tt6&_nc_cat=100&ig_cache_key=Mzc1NDIzMjU4OTUxMjA2MTkxOQ%3D%3D.3-ccb7-5&ccb=7-5&_nc_sid=58cdad&efg=eyJ2ZW5jb2RlX3RhZyI6InhwaWRzLjE0NDB4OTYwLnNkci5DMyJ9&_nc_ohc=Ku1mo46lfIYQ7kNvwHPSk3X&_nc_oc=AdneYUkTUKJAt6ww6JG-KPAJsiTwnEgffMsj54xtbelywVq6vPhdpdDRHgiMYZqpFBM&_nc_ad=z-m&_nc_cid=0&_nc_zt=23&_nc_ht=scontent.cdninstagram.com&_nc_gid=elapG6thA1WEHzP_B9tR4w&oh=00_AfjbyVQ5mnWoKAiJBkU8BKo5ZN9-0tK-I06RaJbvzGj6Lg&oe=692CE747;Rize Ticaret ve Sanayi Odası  Başkanı Şaban Aziz Karamehmetoğlu başkanlığında düzenlenen Ticaret ve Sanayi Odası Yüksek İstişare Kurulu Toplantısı'na  katıldık.;
https://www.instagram.com/p/DQY6iyIlOCH/;Carousel;182;1;0;29.10.2025 13:10;https://scontent.cdninstagram.com/v/t39.30808-6/571218213_1203707184903623_995877722060805897_n.jpg?stp=c0.0.1440.959a_dst-jpg_e35_tt6&_nc_cat=108&ig_cache_key=Mzc1NDAwNzc0OTc2MTIyMjg4Mg%3D%3D.3-ccb7-5&ccb=7-5&_nc_sid=58cdad&efg=eyJ2ZW5jb2RlX3RhZyI6InhwaWRzLjE0NDB4OTYwLnNkci5DMyJ9&_nc_ohc=ri393gAqFAUQ7kNvwGZwcnk&_nc_oc=Adk2MLAfBrAy8TebSTMl-LPdZAuGaP5dDh3Ue2JB0yPSQJ9cRz1sQ8ZkJ12ycU04l_E&_nc_ad=z-m&_nc_cid=0&_nc_zt=23&_nc_ht=scontent.cdninstagram.com&_nc_gid=elapG6thA1WEHzP_B9tR4w&oh=00_AfhhGGXY75uDsH-v0rif234WREPBY25bDl98raVFdstlbg&oe=692CB18E;🇹🇷 Cumhuriyetimizin 102. yılını Rize Yenişehir Kapalı Spor Salonu’nda düzenlenen etkinliklerle büyük bir coşkuyla kutladık. Folklor gösterileri, şiir dinletileri, spor gösterileri ve öğrencilerimizin heyecanı salonu bayram yerine çevirdi. Katılım sağlayan tüm hemşehrilerime teşekkür ediyorum.;
https://www.instagram.com/p/DQY6LM-DARr/;Carousel;106;1;0;29.10.2025 13:07;https://scontent.cdninstagram.com/v/t39.30808-6/571261067_1203705324903809_127709572797634463_n.jpg?stp=c0.0.1440.959a_dst-jpg_e35_tt6&_nc_cat=109&ig_cache_key=Mzc1NDAwNjEzMzU2OTUwNzIxNQ%3D%3D.3-ccb7-5&ccb=7-5&_nc_sid=58cdad&efg=eyJ2ZW5jb2RlX3RhZyI6InhwaWRzLjE0NDB4OTYwLnNkci5DMyJ9&_nc_ohc=_6c1PkziwTsQ7kNvwFiSJeN&_nc_oc=AdlKlxE9hmmsO-q4a7ql6WqPxNcFbonlnlOfNpeuqml6kXMnKc8tSGkyjfo51UceiCI&_nc_ad=z-m&_nc_cid=0&_nc_zt=23&_nc_ht=scontent.cdninstagram.com&_nc_gid=elapG6thA1WEHzP_B9tR4w&oh=00_AfiycsBS5ZSf1zSTtH4U6cMxLMCV1xk1gSyUaV-grjuKqQ&oe=692CD4AF;29 Ekim Cumhuriyet Bayramı kutlamaları kapsamında Rize Valiliği’nde düzenlenen tebrikat törenine katıldık.;
https://www.instagram.com/p/DQYd9QhgTxj/;Photo;42;0;0;29.10.2025 09:00;https://scontent.cdninstagram.com/v/t39.30808-6/556432008_1181623733778635_6746077641611347217_n.jpg?stp=dst-jpg_e35_tt6&_nc_cat=111&ig_cache_key=Mzc1Mzg4MjA0MjM5MjE5ODI0Mw%3D%3D.3-ccb7-5&ccb=7-5&_nc_sid=58cdad&efg=eyJ2ZW5jb2RlX3RhZyI6InhwaWRzLjIwNDh4MjA0OC5zZHIuQzMifQ%3D%3D&_nc_ohc=V56nxSTfh0oQ7kNvwEbVwjc&_nc_oc=Adkqbyb8gKBnxu10eXuY25Nfuj-xHRN2AugbwXc5CjcRvf6gdit5VYKVdguUEfxvpj8&_nc_ad=z-m&_nc_cid=0&_nc_zt=23&_nc_ht=scontent.cdninstagram.com&_nc_gid=elapG6thA1WEHzP_B9tR4w&oh=00_AfiX_74t9_l3q1rkkbn-8ELUSK323kGPGN6aIXXRHqZGvA&oe=692CCCB6;;
https://www.instagram.com/p/DQYXE9NDQY-/;Photo;71;1;0;29.10.2025 08:00;https://scontent.cdninstagram.com/v/t39.30808-6/557150937_1181623317112010_2362229287059004147_n.jpg?stp=dst-jpg_e35_tt6&_nc_cat=102&ig_cache_key=Mzc1Mzg1MTc4NTA3ODE3OTM5MA%3D%3D.3-ccb7-5&ccb=7-5&_nc_sid=58cdad&efg=eyJ2ZW5jb2RlX3RhZyI6InhwaWRzLjIwNDh4MjA0OC5zZHIuQzMifQ%3D%3D&_nc_ohc=GrOlOeQUAAkQ7kNvwFCd5uH&_nc_oc=Adka3RLxQ8nq9EgmBoFHCOykPFndeo1XrA61xHxudPLA7ZSR6-1_hJXf97-aS0ul6XY&_nc_ad=z-m&_nc_cid=0&_nc_zt=23&_nc_ht=scontent.cdninstagram.com&_nc_gid=elapG6thA1WEHzP_B9tR4w&oh=00_AfgJvmY9OkBraku2U0zeVHQ-kQGMjJE0aI-OtWIDHsjmrA&oe=692CC70B;;
https://www.instagram.com/p/DQWwOB7E_HW/;Reels;455;15;16688;28.10.2025 17:02;https://scontent.cdninstagram.com/v/t51.82787-15/570622602_18537794335053363_1083930972875383359_n.jpg?stp=dst-jpg_e15_tt6&_nc_cat=104&ig_cache_key=Mzc1MzM5OTQwOTgyOTk5OTA2MjE4NTM3Nzk0MzI5MDUzMzYz.3-ccb7-5&ccb=7-5&_nc_sid=58cdad&efg=eyJ2ZW5jb2RlX3RhZyI6InhwaWRzLjEwODB4MTkyMC5zZHIuQzMifQ%3D%3D&_nc_ohc=UukDilT_gYwQ7kNvwElYC18&_nc_oc=AdnU67zsAAJjGm-p-jAZfZI7ChswcsqAYhH4S_lYL2-o5kFXrVSNpvVYoX-_HmV8jdI&_nc_ad=z-m&_nc_cid=0&_nc_zt=23&_nc_ht=scontent.cdninstagram.com&_nc_gid=elapG6thA1WEHzP_B9tR4w&oh=00_AfjlHTj1Winx78Y-JDM1ySOgIcavAPZKGVqOrBUhs_Tpkw&oe=692CBC71;İslampaşa Mahallemizde Muhtarımız Ayşe Memişoğlu ve kıymetli esnafımızla bir araya gelerek mahallemizin ihtiyaçlarını ve yapılması planlanan hizmetleri istişare ettik.;
https://www.instagram.com/p/DQWj08_j5v9/;Carousel;212;0;0;28.10.2025 15:13;https://scontent.cdninstagram.com/v/t39.30808-6/571150437_1203027821638226_3755896510419736758_n.jpg?stp=dst-jpg_e35_tt6&_nc_cat=103&ig_cache_key=Mzc1MzM0NDg4ODExMzk1MTM5Ng%3D%3D.3-ccb7-5&ccb=7-5&_nc_sid=58cdad&efg=eyJ2ZW5jb2RlX3RhZyI6InhwaWRzLjIwNDh4MTM2NS5zZHIuQzMifQ%3D%3D&_nc_ohc=TO3g-TSsOPYQ7kNvwEOacAt&_nc_oc=Adnqcw8pMuwh8YJkA9MUMp7aB8ihrJZSSpxzWY_uhZjmqv0luRz10vgkTK9HHrSL-GQ&_nc_ad=z-m&_nc_cid=0&_nc_zt=23&_nc_ht=scontent.cdninstagram.com&_nc_gid=elapG6thA1WEHzP_B9tR4w&oh=00_AfjCRA_oR7crV6tXgcCzFYKfv5_9GWDtvLg0qWtDWeqLDw&oe=692CD3D3;Cumhuriyetimizin 102. yılına yakışır bir coşkuyla, 100 metrelik şanlı bayrağımız eşliğinde kortej yürüyüşümüzü gerçekleştirdik.🇹🇷;
https://www.instagram.com/p/DQWjj9CAfmj/;Carousel;112;1;0;28.10.2025 15:11;https://scontent.cdninstagram.com/v/t39.30808-6/572096750_1203025114971830_2651622706717747333_n.jpg?stp=dst-jpg_e35_tt6&_nc_cat=100&ig_cache_key=Mzc1MzM0MzcyMjM3MzM0NjU4NA%3D%3D.3-ccb7-5&ccb=7-5&_nc_sid=58cdad&efg=eyJ2ZW5jb2RlX3RhZyI6InhwaWRzLjIwNDh4MTM2NS5zZHIuQzMifQ%3D%3D&_nc_ohc=M2-HUR_wh4QQ7kNvwGdmFn2&_nc_oc=AdluSGvMlcZm6o0N4-RyxwyNFPNvEEO9T_X-8K2Q94cE1n0jGvJrqCwrCkAkR3lj-r4&_nc_ad=z-m&_nc_cid=0&_nc_zt=23&_nc_ht=scontent.cdninstagram.com&_nc_gid=elapG6thA1WEHzP_B9tR4w&oh=00_AfiWM9pzvQdZpv3IUC7RXxVODF8TtilSu9ttwb5Jk6pysg&oe=692CBBB2;Cumhuriyetimizin 102. yıl dönümünü, Rize Valiliği önünde düzenlenen törenle coşku ve gururla kutlamaya başladık. Rize Valimiz  İhsan Selim Baydaş ve Garnizon Komutan Vekilimiz Albay Hüseyin Ekşioğlu ile birlikte Atatürk Anıtı’na çelengimizi sunduk. İstiklal Marşımızı hep birlikte gururla okuduk, Cumhuriyetimizin kurucusu Gazi Mustafa Kemal Atatürk ve silah arkadaşlarını saygı ve minnetle andık.Cumhuriyet Bayramımız kutlu olsun! 🇹🇷;
https://www.instagram.com/p/DQU4BjmjBcK/;Photo;98;0;0;27.10.2025 23:31;https://scontent.cdninstagram.com/v/t39.30808-6/573551356_1202518481689160_3461205623440437306_n.jpg?stp=dst-jpg_e35_tt6&_nc_cat=107&ig_cache_key=Mzc1Mjg3MDc4NzA1ODI0MzMzOA%3D%3D.3-ccb7-5&ccb=7-5&_nc_sid=58cdad&efg=eyJ2ZW5jb2RlX3RhZyI6InhwaWRzLjEwODB4MTA4MC5zZHIuQzMifQ%3D%3D&_nc_ohc=Ps39vHnxbnsQ7kNvwEOw9A4&_nc_oc=AdklkZMPTmLVIuJI0BQoxdOzC9BGWSifx8Yg-bayMjvDIDKVm9eKM1SC-5--NRRQApU&_nc_ad=z-m&_nc_cid=0&_nc_zt=23&_nc_ht=scontent.cdninstagram.com&_nc_gid=elapG6thA1WEHzP_B9tR4w&oh=00_AfhctHBji9pinjmiPo-k85ojFqLfX0dZyD9bhRZeI0y2bQ&oe=692CE4B4;;
https://www.instagram.com/p/DQUr3gSjPRc/;Carousel;63;0;0;27.10.2025 21:45;https://scontent.cdninstagram.com/v/t39.30808-6/571564807_1202462028361472_9174194956103655144_n.jpg?stp=dst-jpg_e35_tt6&_nc_cat=106&ig_cache_key=Mzc1MjgxNzMxMTQxMDM1Mjc1Mw%3D%3D.3-ccb7-5&ccb=7-5&_nc_sid=58cdad&efg=eyJ2ZW5jb2RlX3RhZyI6InhwaWRzLjIwNDh4MTM2NS5zZHIuQzMifQ%3D%3D&_nc_ohc=80t9LT0cG7YQ7kNvwH1DSLy&_nc_oc=AdlMwX0XeFzl8GxLxUoIZ6PVgmoCz6xbRoGGCV-rq6a4rSJ4QHqTDUryiMKSEwED8kM&_nc_ad=z-m&_nc_cid=0&_nc_zt=23&_nc_ht=scontent.cdninstagram.com&_nc_gid=dY0APH9tFcYtPVURt2-j4Q&oh=00_Afg0rTl7OkubYWJF66crD1otCiOdp82JHMibeRY2LQ6x6Q&oe=692CD4C9;"AK Parti Merkez İlçe Danışma Meclisi Toplantısında teşkilat mensuplarımızla bir araya geldik.AK Parti Rize İl Başkanı Yılmaz Katmer, AK Parti Rize Merkez İlçe Başkanı Burak Ak, İl Genel Meclis Başkanı Ali İmran Büyük ve AK Parti Rize İl Kadın Kolları Başkanı Nuran Alım ile birlikte; mahalle ve köy başkanlarının katılımıyla verimli bir istişare gerçekleştirdik.";
https://www.instagram.com/p/DQUrNnSDPD7/;Carousel;92;0;0;27.10.2025 21:39;https://scontent.cdninstagram.com/v/t39.30808-6/571422824_1202460051695003_8215444484399835468_n.jpg?stp=dst-jpg_e35_tt6&_nc_cat=110&ig_cache_key=Mzc1MjgxNDQzMTY5MzQ1OTMxNw%3D%3D.3-ccb7-5&ccb=7-5&_nc_sid=58cdad&efg=eyJ2ZW5jb2RlX3RhZyI6InhwaWRzLjIwNDh4MTM2NS5zZHIuQzMifQ%3D%3D&_nc_ohc=GnNtusJ_XUwQ7kNvwEaSbj5&_nc_oc=Adk7M3Y2bUjHOSLZjwJeq3CTR-6vDjeqgVXxvpdiFnDGmN1IuJWmB0kDL5E95aPe1Q8&_nc_ad=z-m&_nc_cid=0&_nc_zt=23&_nc_ht=scontent.cdninstagram.com&_nc_gid=dY0APH9tFcYtPVURt2-j4Q&oh=00_AfgUhYQOGu-9orfzFY9Bk09udKQB2_eswRryhIPyrmqSwA&oe=692CB4F7;Merkez Muhtarlar Derneği'ni ziyaret ederek Dernek Başkanımız Sayın İrfan Kaya ve kıymetli yönetim kurulu üyeleriyle bir araya geldim.Derneğimizin toplantı salonunda gerçekleşen buluşmada, Rize merkez mahallelerimizin mevcut durumlarını, acil çözüm bekleyen sorunlarını ve yapılabilecek projeleri üzerine kapsamlı bir görüşme gerçekleştirdik.Misafirperverlikleri için Merkez Muhtarlar Derneği Başkanı Sayın İrfan Kaya'ya ve tüm yönetim kurulu üyelerine teşekkür ediyorum.;
