PostLink;PostTürü;BeğeniSayısı;YorumSayısı;Görüntülenme Sayısı;Tarih;DisplayPhoto;Caption;Takipçi;TahminMi
https://www.instagram.com/p/DRpmQq5DYUx/;Photo;157;3;0;2025-11-29 21:11:35;https://scontent-mia3-3.cdninstagram.com/v/t51.82787-15/587775841_18043781495704930_3812217318850819435_n.jpg?stp=dst-jpg_e35_tt6&_nc_cat=108&ig_cache_key=Mzc3NjcxODAzMzg2MDI2NTI2NQ%3D%3D.3-ccb7-5&ccb=7-5&_nc_sid=58cdad&efg=eyJ2ZW5jb2RlX3RhZyI6InhwaWRzLjE0NDB4OTU5LnNkci5DMyJ9&_nc_ohc=bNbRUI_qGf4Q7kNvwFSLscC&_nc_oc=AdmtygRh-4qTupPDWBg9gw8rw0q4nqqBpubcrHAqC4u4dQXUR1QrMptekNOEVK-VRgk&_nc_ad=z-m&_nc_cid=0&_nc_zt=23&_nc_ht=scontent-mia3-3.cdninstagram.com&_nc_gid=aWKAt1d0KAtwBmijqBGZKg&oh=00_Afg5crj8pJeZzjaoU3HQynGvBVr6Z-BQ8n6DOLGWZeuMzw&oe=69311CAF;39. Olağan Kurultayımızda yeniden Genel Başkanlığımıza seçilen Sayın Özgür Özel’i gönülden kutluyorum.  Halkımızın yüzünü güldürecek, Cumhuriyetimizi güçlendirecek günleri birlikte kuracağız. Yolumuz açık olsun…  Şimdi iktidar zamanı…;49520.0;0
https://www.instagram.com/p/DRpIu93jdWZ/;Carousel;737;7;0;2025-11-29 16:53:34;https://scontent-mia5-1.cdninstagram.com/v/t51.82787-15/588159773_18043758404704930_7895682807979302322_n.jpg?stp=dst-jpg_e35_tt6&_nc_cat=101&ig_cache_key=Mzc3NjU4ODE2NDQ1MTA5MzE2NQ%3D%3D.3-ccb7-5&ccb=7-5&_nc_sid=58cdad&efg=eyJ2ZW5jb2RlX3RhZyI6InhwaWRzLjE0NDB4MTQ0MC5zZHIuQzMifQ%3D%3D&_nc_ohc=07ucQFmruV4Q7kNvwFYTQke&_nc_oc=Adn0TXDU_cwi08WK1x5-KlcRs5_J3aTdJMBeiL4OiKOVMUwi3GkxRPIhKgj5gylTs_Q&_nc_ad=z-m&_nc_cid=0&_nc_zt=23&_nc_ht=scontent-mia5-1.cdninstagram.com&_nc_gid=aWKAt1d0KAtwBmijqBGZKg&oh=00_AfgKnCY29DONrWVtvkoFTJIgpfUvU76hDonUnzNBBuVXLQ&oe=69310745;CHP 39. Olağan Kongresi’nin 2.gününde Genel Başkan seçiminde oyumuzu kullandık. Şimdi iktidar zamanı. Amasya hazır, Türkiye hazır!;;0
https://www.instagram.com/p/DRmb4UpiLIx/;Carousel;610;6;0;2025-11-28 15:43:09;https://scontent-mia5-1.cdninstagram.com/v/t51.82787-15/587465160_18043651529704930_1412271866334879221_n.jpg?stp=dst-jpg_e35_tt6&_nc_cat=104&ig_cache_key=Mzc3NTgyNzkzNjk1MjIwMTkyOQ%3D%3D.3-ccb7-5&ccb=7-5&_nc_sid=58cdad&efg=eyJ2ZW5jb2RlX3RhZyI6InhwaWRzLjgxOXg2MTQuc2RyLkMzIn0%3D&_nc_ohc=YPgTUpnrnuQQ7kNvwGSFeG7&_nc_oc=AdmZzWkYcKO7Iinih4LjyXefe0Zi1OodCCmTpDfRKzGlmaEPYk2XJ_BRmk1ilu7ehXM&_nc_ad=z-m&_nc_cid=0&_nc_zt=23&_nc_ht=scontent-mia5-1.cdninstagram.com&_nc_gid=aWKAt1d0KAtwBmijqBGZKg&oh=00_AfjnTMr-_oXSubiGXQCov_ijL0DbJcPMqe20nH6GhWXZPw&oe=6931056F;"Partimizin 39. Olağan Kongresindeyiz.  Bugün Program Kurultayı ile yeni dönemin kapılarını aralıyoruz. Bilimle, akılla, emekle; halkın ihtiyaçlarına cevap veren güçlü bir programla iktidara yürüyoruz.  Türkiye hazır. CHP hazır. Şimdi iktidar zamanı.";;0
https://www.instagram.com/p/DRfhnEQDTZK/;Carousel;560;2;0;2025-11-25 23:18:33;https://scontent-mia3-3.cdninstagram.com/v/t51.82787-15/588649245_18043387325704930_1761322212962238677_n.jpg?stp=dst-jpg_e35_tt6&_nc_cat=110&ig_cache_key=Mzc3Mzg4MjgyMTgxMTk5MzUxNg%3D%3D.3-ccb7-5&ccb=7-5&_nc_sid=58cdad&efg=eyJ2ZW5jb2RlX3RhZyI6InhwaWRzLjE0NDB4OTYwLnNkci5DMyJ9&_nc_ohc=vEfaSeczBe8Q7kNvwE4DLTM&_nc_oc=AdlwVVQhYtywtXhyNu2kezR64IX11j9zZr8EZFNAh5mFJCR9pn0_y6wTZjDAPlBK8DU&_nc_ad=z-m&_nc_cid=0&_nc_zt=23&_nc_ht=scontent-mia3-3.cdninstagram.com&_nc_gid=aWKAt1d0KAtwBmijqBGZKg&oh=00_AfjAplbMi6quNRAIQ1jCtZN8YaxBYiN9vjJdcT6gKqhn1A&oe=6930F9C4;Belediyemiz kreşlerinde emek veren öğretmenlerimiz ve mesai arkadaşlarımızla Öğretmenler Günü akşam yemeğinde bir araya geldik. Çocuklarımızın geleceğine sevgiyle dokunan tüm öğretmenlerimize yürekten teşekkür ediyorum. İyi ki varsınız, iyi ki bu şehrin gönül emekçisisiniz.;;0
https://www.instagram.com/p/DRfZWOeDTwf/;Carousel;489;0;0;2025-11-25 22:06:20;https://scontent-mia3-2.cdninstagram.com/v/t51.82787-15/589129978_18043382243704930_8449164009333438981_n.jpg?stp=dst-jpg_e35_tt6&_nc_cat=105&ig_cache_key=Mzc3Mzg0NjQ4MDc4NTA2MDE0OQ%3D%3D.3-ccb7-5&ccb=7-5&_nc_sid=58cdad&efg=eyJ2ZW5jb2RlX3RhZyI6InhwaWRzLjE0NDB4MTQ0MC5zZHIuQzMifQ%3D%3D&_nc_ohc=C45zzQkxHeIQ7kNvwHOb1lZ&_nc_oc=AdmmV_vhtpHpEDkeI3pBzZaWq0i2RfGgkZu9fMEycIXK0Ei2TJkKCk6ekEiyABhJd3M&_nc_ad=z-m&_nc_cid=0&_nc_zt=23&_nc_ht=scontent-mia3-2.cdninstagram.com&_nc_gid=aWKAt1d0KAtwBmijqBGZKg&oh=00_Afjf_-02snGXo4ozeHZ6apXP0ozP54RuWkBSkSOJKfaL5Q&oe=6931207B;Belediyemiz Kitap Fuarı’nda emek veren mesai arkadaşlarımızla bir araya geldik. Bu şehre değer katan her bir emek için minnettarım. Birlikte daha güzel işler yapmaya devam edeceğiz.;;0
https://www.instagram.com/p/DRfTdgjjbNc/;Reels;1290;12;45680;2025-11-25 21:15:33;https://scontent-mia5-1.cdninstagram.com/v/t51.71878-15/588067281_853629780581636_7750556057422215468_n.jpg?stp=dst-jpg_e15_tt6&_nc_cat=101&ig_cache_key=Mzc3MzgyMDYwMzQ2NDUyODczMg%3D%3D.3-ccb7-5&ccb=7-5&_nc_sid=58cdad&efg=eyJ2ZW5jb2RlX3RhZyI6InhwaWRzLjY0MHgxMTM2LnNkci5DMyJ9&_nc_ohc=kXn8nTjwEuAQ7kNvwHDw19N&_nc_oc=AdmOYvKTG6mjVHIv4nU6j6URAdj3uFj2J-DmAOqB2T7bKGeLqKH7_LV4XiD7B1FQ088&_nc_ad=z-m&_nc_cid=0&_nc_zt=23&_nc_ht=scontent-mia5-1.cdninstagram.com&_nc_gid=aWKAt1d0KAtwBmijqBGZKg&oh=00_Afh1VhaFzcL42UAnWG-NBvx7g291D6GYmXDIWl5nDxi2GQ&oe=69310400;"Bu akşam, kadına yönelik şiddete karşı hep birlikte yürüdük. Her adımımızda aynı şeyi hissettik: Kadınların güvende olduğu bir ülke mümkün. Biz, bu mücadelenin sadece bugünü değil; her günü yanında olacağız. Çünkü bir can daha yanmasın diye hep birlikte omuz omuzayız.";;0
https://www.instagram.com/p/DRfJQZxDSuz/;Carousel;471;0;0;2025-11-25 19:45:44;https://scontent-mia3-1.cdninstagram.com/v/t51.82787-15/587436565_18043371572704930_2841888634463799592_n.jpg?stp=dst-jpg_e35_tt6&_nc_cat=111&ig_cache_key=Mzc3Mzc3NTcxNDAxODIxMzA3Nw%3D%3D.3-ccb7-5&ccb=7-5&_nc_sid=58cdad&efg=eyJ2ZW5jb2RlX3RhZyI6InhwaWRzLjE0NDB4OTU5LnNkci5DMyJ9&_nc_ohc=Gy_0la_jrUIQ7kNvwEFpwOB&_nc_oc=AdnsngG_5sc26rZi3ZNKDS_dU2mk8XkK-Y9cO0Oe2Vj6LaMnnLMoKb0Q-f4p18V_GTo&_nc_ad=z-m&_nc_cid=0&_nc_zt=23&_nc_ht=scontent-mia3-1.cdninstagram.com&_nc_gid=aWKAt1d0KAtwBmijqBGZKg&oh=00_Afi1h4nqXiP4Y_OPmeqGeY6imi82qLUCFG7pVs2rcOcYWA&oe=69312277;Amasya Kadın Platformu’nun 25 Kasım Kadına Yönelik Şiddete Karşı Uluslararası Mücadele Günü kapsamında düzenlediği basın açıklamasına katıldık.  Şiddetin her türüne karşı kadınların yanında olmaya, seslerine ses katmaya devam edeceğiz.  Eşitlik, adalet ve yaşam hakkı için birlikte mücadele edeceğiz.;;0
https://www.instagram.com/p/DRe9c1KDVmc/;Carousel;206;1;0;2025-11-25 18:02:34;https://scontent-mia3-1.cdninstagram.com/v/t51.82787-15/589144138_18043361543704930_5797621929666785567_n.jpg?stp=dst-jpg_e35_tt6&_nc_cat=111&ig_cache_key=Mzc3MzcyMzc4OTY1ODc2MDQzMQ%3D%3D.3-ccb7-5&ccb=7-5&_nc_sid=58cdad&efg=eyJ2ZW5jb2RlX3RhZyI6InhwaWRzLjE0NDB4OTYwLnNkci5DMyJ9&_nc_ohc=HnS_phm8TMAQ7kNvwGeTD39&_nc_oc=AdmwHNn7OTw4h2hvSPMQfy4X29BbKeI6bK5tErYouggM-MaL3Qm5Av-d3KhYM4Cv5CM&_nc_ad=z-m&_nc_cid=0&_nc_zt=23&_nc_ht=scontent-mia3-1.cdninstagram.com&_nc_gid=aWKAt1d0KAtwBmijqBGZKg&oh=00_AfjPCwE_6GvSYanNcLhnBDvi_R0hQ5R2MrDZRYGbtSp5_g&oe=69312A75;Valimiz Önder BAKAN başkanlığında İl Hayvanları Koruma Kurulu ve Toprak Koruma Kurulu Toplantılarına katıldık.;;0
https://www.instagram.com/p/DReRiWFDVvm/;Reels;4263;91;124708;2025-11-25 11:46:37;https://scontent-mia3-3.cdninstagram.com/v/t51.71878-15/587502459_684691204497616_4445879033552005252_n.jpg?stp=dst-jpg_e15_tt6&_nc_cat=109&ig_cache_key=Mzc3MzUzMDY2NDc0MzAzMzgzMA%3D%3D.3-ccb7-5&ccb=7-5&_nc_sid=58cdad&efg=eyJ2ZW5jb2RlX3RhZyI6InhwaWRzLjY0MHgxMTM2LnNkci5DMyJ9&_nc_ohc=1mJeOBrawMkQ7kNvwG1rWJZ&_nc_oc=Admy5SgPCZf93-esaFID0KfSCyBOFJa0TvuCmQtlSbTgvvk7fV0tjhQ5RdoRs7Kcye4&_nc_ad=z-m&_nc_cid=0&_nc_zt=23&_nc_ht=scontent-mia3-3.cdninstagram.com&_nc_gid=aWKAt1d0KAtwBmijqBGZKg&oh=00_Afg4fo-KQj8jjvoFxvk4reTv1iynmb2Kfc8EhK05QJcZGg&oe=6931237B;"Bir kadına “gözlerinin hastasıyım” diyebilen bir toplum, aynı kadının gözlerine korku, acı, endişe bırakamaz.  Sevgi; şiddetin bahanesi değil, şiddetsiz bir hayatın temeli olmalıdır.  Kadınların özgürce baktığı, umutla yaşadığı bir şehir için mücadelemiz sürüyor.";;0
https://www.instagram.com/p/DReBsZtjXe2/;Photo;253;0;0;2025-11-25 09:20:25;https://scontent-mia3-1.cdninstagram.com/v/t51.82787-15/588607611_18043322945704930_818103914033570645_n.jpg?stp=dst-jpg_e35_tt6&_nc_cat=111&ig_cache_key=Mzc3MzQ2MDk4NzA5NDMzMzM2Ng%3D%3D.3-ccb7-5&ccb=7-5&_nc_sid=58cdad&efg=eyJ2ZW5jb2RlX3RhZyI6InhwaWRzLjE0NDB4MTgwMC5zZHIuQzMifQ%3D%3D&_nc_ohc=cPXbXHxRnOUQ7kNvwHp-OWV&_nc_oc=AdnvH3GDF5oum8UuP7iyIuqmaAfzg44Spr_9TKJPW_AJAXsZwEfIQFtswGUOIjmk__Q&_nc_ad=z-m&_nc_cid=0&_nc_zt=23&_nc_ht=scontent-mia3-1.cdninstagram.com&_nc_gid=aWKAt1d0KAtwBmijqBGZKg&oh=00_Afg4s-VFmPpKpIHH9i9hl_kJ8Tb6jlHsPD6GNIx7nQZ7YQ&oe=69311444;"Kadına yönelik şiddet; sadece bireyin değil, toplumun yarasıdır. Hiçbir gerekçe, hiçbir söz, hiçbir gelenek şiddeti mazur gösteremez.  Amasya’mızda her kadının özgür, güvende ve eşit yaşadığı bir şehir için çalışmaya devam edeceğiz. Şiddetin olmadığı bir yaşam, ancak hep birlikte mümkün.";;0
https://www.instagram.com/p/DRctiwoDXmc/;Reels;2255;16;48682;2025-11-24 21:06:09;https://scontent-mia5-1.cdninstagram.com/v/t51.71878-15/587679467_1157351596521741_4903972657694449377_n.jpg?stp=dst-jpg_e15_tt6&_nc_cat=101&ig_cache_key=Mzc3MzA5MDg4ODU5NjQyMTAyMA%3D%3D.3-ccb7-5&ccb=7-5&_nc_sid=58cdad&efg=eyJ2ZW5jb2RlX3RhZyI6InhwaWRzLjY0MHgxMTM2LnNkci5DMyJ9&_nc_ohc=BY4ZlCQqn-sQ7kNvwFhuAwd&_nc_oc=AdkbH3vbAj4MfphU_E3tOBF3c1cweUyHmYJFDCD_uyj2FDeaUTats5UqZVahTqt6s1o&_nc_ad=z-m&_nc_cid=0&_nc_zt=23&_nc_ht=scontent-mia5-1.cdninstagram.com&_nc_gid=aWKAt1d0KAtwBmijqBGZKg&oh=00_AfgTeI3ECu2Ur7hxp33T-zlYrGkObo3GkZL5QVr5sBIdtg&oe=6930F75E;"İlkokul öğretmenim Hatice Işık’ı, Ortaokul öğretmenim Adem Tektaş’ı ve  Lise öğretmenim Mehmet Çağıran’ı sınıf arkadaşlarımla beraber ziyaret ettim.   Bu şehrin çocuklarına yalnızca bilgi değil; karakter, sabır ve umut kazandıran tüm öğretmenlerimize gönülden vefa borçluyuz. Bugün Amasya’mızın her sokağında, her başarısında, her gencimizin gülüşünde onların emeği var.  Aydınlık yarınlarımız için özveriyle çalışan tüm öğretmenlerimize teşekkür ediyor,  Öğretmenler Günü’nü bir kez daha kutluyoruz…";;0
https://www.instagram.com/p/DRcnDSqjUW2/;Carousel;355;5;0;2025-11-24 20:08:22;https://scontent-hou1-1.cdninstagram.com/v/t51.82787-15/587031638_18043273988704930_7865990357011193070_n.jpg?stp=dst-jpg_e35_tt6&_nc_cat=104&ig_cache_key=Mzc3MzA2MjMyNDQ1NTAxNzk5Nw%3D%3D.3-ccb7-5&ccb=7-5&_nc_sid=58cdad&efg=eyJ2ZW5jb2RlX3RhZyI6InhwaWRzLjE0NDB4OTU5LnNkci5DMyJ9&_nc_ohc=StlEs9WLKewQ7kNvwEgMOGi&_nc_oc=AdnkhYb5YWFTb5T-vp5JCVgOU3ZnIPF9aJyKm0OFgjuhJUGq5015FRHU08TZeVHbapA&_nc_ad=z-m&_nc_cid=0&_nc_zt=23&_nc_ht=scontent-hou1-1.cdninstagram.com&_nc_gid=3aoQKa3WB0dc490_zzG9Yg&oh=00_AfgV2HIOiZnzPV4TTi9FL5sktjfgjyKrZ6YxBinootjB7w&oe=693127E8;24 Kasım Öğretmenler Günü vesilesiyle Öğretmenevi’nde değerli öğretmenlerimizi ziyaret ettik. Mesleğine yüreğini koymuş, çocuklarımızın geleceğine emek vermiş tüm öğretmenlerimizle bir arada olmak bizler için büyük bir onurdu.  Amasya’nın aydınlık yarınlarını inşa etmiş tüm öğretmenlerimize şükranlarımı sunuyor, Öğretmenler Günü’nü içtenlikle kutluyorum.;;0
https://www.instagram.com/p/DRcgCl_DUaO/;Carousel;545;0;0;2025-11-24 19:07:06;https://scontent-hou1-1.cdninstagram.com/v/t51.82787-15/588253962_18043268423704930_5645477534287887773_n.jpg?stp=dst-jpg_e35_tt6&_nc_cat=109&ig_cache_key=Mzc3MzAzMTQ5NDg1MjY2NzU4OA%3D%3D.3-ccb7-5&ccb=7-5&_nc_sid=58cdad&efg=eyJ2ZW5jb2RlX3RhZyI6InhwaWRzLjE0NDB4OTU5LnNkci5DMyJ9&_nc_ohc=FJDwCEeQsc0Q7kNvwF5Wjgo&_nc_oc=AdmIe9d3Rii1uJPBDGNexi6V8JxX1nKuAxiaWyo7ipTg7F7eup50yNheTVH_tuU0ylo&_nc_ad=z-m&_nc_cid=0&_nc_zt=23&_nc_ht=scontent-hou1-1.cdninstagram.com&_nc_gid=3aoQKa3WB0dc490_zzG9Yg&oh=00_AfivMBVmQnVMTSPqKgiXTPgSjYWqSfpKdxrP7r1bMnn7jQ&oe=69312C9C;Geleceğimizin teminatı olan çocuklarımızı sevgiyle, sabırla ve büyük bir özveriyle yetiştiren belediye kreşimizdeki değerli öğretmenlerimizi bugün ziyaret ettik.  Emeklerini, fedakârlıklarını ve eğitim yolculuğuna kattıkları güzellikleri yakından görmek bizleri çok mutlu etti. Onların güler yüzü, çocuklarımızın mutluluğu ve ailelerimizin güveni en büyük motivasyonumuz.  Tüm öğretmenlerimize çalışmaları için gönülden teşekkür ediyor, Öğretmenler Günü’nü kutluyorum. 🌿✨;;0
https://www.instagram.com/p/DRcBExMjSsK/;Carousel;599;0;0;2025-11-24 14:36:31;https://scontent-hou1-1.cdninstagram.com/v/t51.82787-15/587703950_18043244435704930_3879756901096376385_n.jpg?stp=dst-jpg_e35_tt6&_nc_cat=101&ig_cache_key=Mzc3Mjg5NTMwMzY5NjI0MzYxMA%3D%3D.3-ccb7-5&ccb=7-5&_nc_sid=58cdad&efg=eyJ2ZW5jb2RlX3RhZyI6InhwaWRzLjE0NDB4OTIyLnNkci5DMyJ9&_nc_ohc=MnWGqWoNhQwQ7kNvwGfgCgR&_nc_oc=AdnQwqAWJSNLdDRwAGntPuxxUuQz_nccfx0FKcB5CEI4gbZClko4tuDSSWY7QvBMS8Y&_nc_ad=z-m&_nc_cid=0&_nc_zt=23&_nc_ht=scontent-hou1-1.cdninstagram.com&_nc_gid=3aoQKa3WB0dc490_zzG9Yg&oh=00_AfgpKSmXdl9TlhHh9_UvKnzJjNiLSww1kvAgg9UwaqrRgw&oe=6930FF35;24 Kasım Öğretmenler Günü programının ardından Amasya Lisesi’nin değerli öğretmenlerini ve sevgili öğrencilerini belediyemizde misafir ettik. Eğitime adanmış yüreklerle bir araya gelmek, onların düşüncelerini dinlemek ve bu özel günü birlikte yaşamak bizim için büyük bir mutluluk oldu.  Geleceğimizi emanet ettiğimiz gençlerimize emek veren tüm öğretmenlerimize bir kez daha teşekkür ediyor, Öğretmenler Günü’nü kutluyoruz. 🌿📚;;0
https://www.instagram.com/p/DRb7gMiDRhj/;Carousel;426;2;0;2025-11-24 13:47:50;https://scontent-hou1-1.cdninstagram.com/v/t51.82787-15/589001428_18043241159704930_5774067401676142347_n.jpg?stp=dst-jpg_e35_tt6&_nc_cat=106&ig_cache_key=Mzc3Mjg3MDgwMTIxODE5MTY2NA%3D%3D.3-ccb7-5&ccb=7-5&_nc_sid=58cdad&efg=eyJ2ZW5jb2RlX3RhZyI6InhwaWRzLjE0NDB4OTU5LnNkci5DMyJ9&_nc_ohc=L-qY0tfkbJ8Q7kNvwE_MSYw&_nc_oc=AdnsqXFRC46bzn-oBfzrguINhCJtWyekguhQNlg0CFGBmyh_vkEKyjUnqm5_hL4XwCA&_nc_ad=z-m&_nc_cid=0&_nc_zt=23&_nc_ht=scontent-hou1-1.cdninstagram.com&_nc_gid=3aoQKa3WB0dc490_zzG9Yg&oh=00_AfhQ00hmpXQVcrR3RD1R1sJP379pzx47hhcoGLwyOa4kog&oe=69310B20;"24 Kasım Öğretmenler Günü kapsamında, Amasya Lisesi öğretmen ve öğrencilerimizin hazırladığı anlamlı programda bir araya geldik. Başöğretmenimiz Mustafa Kemal Atatürk’ü saygıyla andığımız, emek veren tüm öğretmenlerimize minnetimizi ifade ettiğimiz bu güzel buluşmada; öğrencilerimizin hazırladığı gösteriler ve müzik dinletileri güne ayrı bir değer kattı.  Aydınlık yarınlarımız için özveriyle çalışan tüm öğretmenlerimize teşekkür ediyor, Öğretmenler Günü’nü bir kez daha kutluyoruz. 🌿";;0
https://www.instagram.com/p/DRbasczDB_t/;Photo;373;0;0;2025-11-24 09:01:09;https://scontent-hou1-1.cdninstagram.com/v/t51.82787-15/587473030_18043221935704930_5115030208592623825_n.jpg?stp=dst-jpg_e35_tt6&_nc_cat=109&ig_cache_key=Mzc3MjcyNjUxNjY0MDM5MTE0OQ%3D%3D.3-ccb7-5&ccb=7-5&_nc_sid=58cdad&efg=eyJ2ZW5jb2RlX3RhZyI6InhwaWRzLjE0NDB4MTgwMC5zZHIuQzMifQ%3D%3D&_nc_ohc=pt0oXH8aNYMQ7kNvwE9zI00&_nc_oc=AdlJTHG0v9AO4UtT1SNh6WWB0PQSo_wrJS57Bb1q88ceYPRE8SwxBpNeFMYJkqRT79I&_nc_ad=z-m&_nc_cid=0&_nc_zt=23&_nc_ht=scontent-hou1-1.cdninstagram.com&_nc_gid=3aoQKa3WB0dc490_zzG9Yg&oh=00_AfgPsY8N3rocXEg-TYC8CkCjcejurZgl5DNphL0p9j2SXw&oe=69312B62;"Başöğretmenimiz Mustafa Kemal Atatürk’ün açtığı aydınlık yolda; bilginin, vicdanın ve emeğin ışığını geleceğe taşıyan tüm öğretmenlerimizin Öğretmenler Günü’nü yürekten kutluyorum.  Bir çocuğun gözlerindeki umuda dokunan, bir şehrin geleceğini inşa eden siz değerli öğretmenlerimize minnetle…  Emeklerinizle büyüyen bu ülke, sizin ışığınızla yarınlara güvenle bakıyor. İyi ki varsınız. 🌿📚";;0
https://www.instagram.com/p/DRaHV0wjRXt/;Carousel;746;6;0;2025-11-23 20:52:48;https://scontent-hou1-1.cdninstagram.com/v/t51.82787-15/588727585_18043170236704930_6490943739084670904_n.jpg?stp=dst-jpg_e35_tt6&_nc_cat=107&ig_cache_key=Mzc3MjM1OTkxNTk4MjM2ODM0Mg%3D%3D.3-ccb7-5&ccb=7-5&_nc_sid=58cdad&efg=eyJ2ZW5jb2RlX3RhZyI6InhwaWRzLjE0NDB4MTkyMC5zZHIuQzMifQ%3D%3D&_nc_ohc=91vNXdeNWZ0Q7kNvwEK1hGn&_nc_oc=AdkfC4wU_HtC4ocqbNUF91q2RRH5A5EOx0Gl8VP8cBECNm-ST2u-q1bnRC67mtH1cgI&_nc_ad=z-m&_nc_cid=0&_nc_zt=23&_nc_ht=scontent-hou1-1.cdninstagram.com&_nc_gid=3aoQKa3WB0dc490_zzG9Yg&oh=00_Afi1Fi5wBbkMRckeBjiXJOqQUkoBax53VqNABAGkyIG9rQ&oe=69310C86;"Bugün CHP Merkez İlçe Gençlik Kolları’mızın organize ettiği “Gelecek Ekrem’le Filizleniyor”  etkinliğinde fidanlarımızı toprakla buluşturduk.   Yeşilin şehri Amasya’da her fidan; geleceğe bırakılan bir nefes, bir iz, bir umut…";;0
https://www.instagram.com/p/DRZVVeSDRnc/;Carousel;727;1;0;2025-11-23 13:35:50;https://scontent-hou1-1.cdninstagram.com/v/t51.82787-15/587387935_18043128596704930_7154340667521413340_n.jpg?stp=dst-jpg_e35_tt6&_nc_cat=101&ig_cache_key=Mzc3MjEzOTk4NzcxMDg5MTkwNA%3D%3D.3-ccb7-5&ccb=7-5&_nc_sid=58cdad&efg=eyJ2ZW5jb2RlX3RhZyI6InhwaWRzLjgzNngxMTE0LnNkci5DMyJ9&_nc_ohc=ld_HsTnE4qkQ7kNvwH48kLg&_nc_oc=AdlmnQjNRQj1cqPMHyspDmHRdTbKyfb9SpHfKNtkTRcNCyBsLzPuYJkwt7HYON2UxmA&_nc_ad=z-m&_nc_cid=0&_nc_zt=23&_nc_ht=scontent-hou1-1.cdninstagram.com&_nc_gid=3aoQKa3WB0dc490_zzG9Yg&oh=00_AfhlXS1C1QXp2KkUW_AIKEd5WKx1rhUUvJPNYaS3dC5IBw&oe=69312669;Amasya Eğitim İş Şube Sendikasının Öğretmenler Günü için düzenlemiş olduğu Birlik Beraberlik ve Dayanışma kahvaltısına katıldık.  Başöğretmenimiz Gazi Mustafa Kemal Atatürk’ün çizdiği çağdaş eğitim anlayışı doğrultusunda, Amasya’nın aydınlık yarınları için özveriyle çalışan tüm öğretmenlerimize saygılarımı sunuyorum.;;0
https://www.instagram.com/p/DRXetARDWdY/;Carousel;2227;19;0;2025-11-22 20:19:13;https://scontent-hou1-1.cdninstagram.com/v/t51.82787-15/588225069_18043060703704930_156334717203309863_n.jpg?stp=dst-jpg_e35_tt6&_nc_cat=100&ig_cache_key=Mzc3MTYxODIzODE5NTkxNzM0NQ%3D%3D.3-ccb7-5&ccb=7-5&_nc_sid=58cdad&efg=eyJ2ZW5jb2RlX3RhZyI6InhwaWRzLjg3OHg2NTguc2RyLkMzIn0%3D&_nc_ohc=kFQ5TsnD1sUQ7kNvwFis8zw&_nc_oc=AdnXHAcKzuY_aJUZ3D6n7W_u3kJO8fC08Q1BodWeRxs19oB1tMdS4I2KU1CWbU25UEQ&_nc_ad=z-m&_nc_cid=0&_nc_zt=23&_nc_ht=scontent-hou1-1.cdninstagram.com&_nc_gid=3aoQKa3WB0dc490_zzG9Yg&oh=00_AfiynvJw0-VB36Ajk0cfXm62wQ8kYTjIBneFkt1uA-AhNQ&oe=6931128A;Genç kardeşlerim Ekin,Rümeysa,Deniz… Doğum günlerini kutlamak için arkadaşlarıyla bir araya gelip hem eğlendiler hem de parkımızda kullandıkları alanı temizleyerek örnek bir davranışa imza attılar. İyi ki varsınız!  Bu şehrin umudu, güzelliği ve en temiz hali sizlersiniz.  Amasya sizinle daha güzel. 💚🌿🎂;;0
https://www.instagram.com/p/DRXRdLnjcN2/;Reels;3461;29;83927;2025-11-22 18:24:22;https://scontent-hou1-1.cdninstagram.com/v/t51.71878-15/586647055_1543482137076698_6990228715649684943_n.jpg?stp=dst-jpg_e15_tt6&_nc_cat=103&ig_cache_key=Mzc3MTU1OTk4NTA3NjM1NTk1OA%3D%3D.3-ccb7-5&ccb=7-5&_nc_sid=58cdad&efg=eyJ2ZW5jb2RlX3RhZyI6InhwaWRzLjY0MHgxMTM2LnNkci5DMyJ9&_nc_ohc=-PByI0-oqBgQ7kNvwFaqQHl&_nc_oc=AdmvkSneckm5ancDrL7DDJZ1Kx6w_noiPKbUQ74SlYGQGgkJk79V4OD2f6khXaaKnes&_nc_ad=z-m&_nc_cid=0&_nc_zt=23&_nc_ht=scontent-hou1-1.cdninstagram.com&_nc_gid=3aoQKa3WB0dc490_zzG9Yg&oh=00_Afjol8JL4eJXELyKVSiqgz8QHH7o0TIqxCIj_douqYjAvg&oe=6930FF3A;Amasya’nın geceleri… Yalıboyu’nda yankılanan su sesi, ışıkların altında parlayan tarih ve şehre yayılan o huzur… Bu kadim şehir, gece olunca bir başka güzel. İyi akşamlar Amasya’m..;;0
https://www.instagram.com/p/DRVB4VOjZv1/;Reels;206;1;15411;2025-11-21 21:33:10;https://scontent-hou1-1.cdninstagram.com/v/t51.71878-15/584979869_1271295535034820_5955026231328660333_n.jpg?stp=dst-jpg_e15_tt6&_nc_cat=103&ig_cache_key=Mzc3MDkyODUzMjEyMjYwNjU4MQ%3D%3D.3-ccb7-5&ccb=7-5&_nc_sid=58cdad&efg=eyJ2ZW5jb2RlX3RhZyI6InhwaWRzLjY0MHgzNTguc2RyLkMzIn0%3D&_nc_ohc=VMiQAjpE6iUQ7kNvwE-QInD&_nc_oc=AdlZqjCS-xivUTc_wnIM2D4qZdV5TfH6a1K5I8d1IyPhDq1T4B2i4ZX9H38Lep1zykM&_nc_ad=z-m&_nc_cid=0&_nc_zt=23&_nc_ht=scontent-hou1-1.cdninstagram.com&_nc_gid=3aoQKa3WB0dc490_zzG9Yg&oh=00_AfiD2FCJuIyaev3hewVi5fkeAbXSx-6gavOmXe99crhIPw&oe=6930F4BA;T.C. Amasya Beldiyesi 2025 yılı Kasım ayı  Olağanüstü Meclis Toplantısı.;;0
https://www.instagram.com/p/DRU3rFtDT3h/;Carousel;372;0;0;2025-11-21 19:59:41;https://scontent-hou1-1.cdninstagram.com/v/t51.82787-15/584468370_18042953687704930_9146838373635753772_n.jpg?stp=dst-jpg_e35_tt6&_nc_cat=102&ig_cache_key=Mzc3MDg4MzUyNTgwNjI1NDU2NQ%3D%3D.3-ccb7-5&ccb=7-5&_nc_sid=58cdad&efg=eyJ2ZW5jb2RlX3RhZyI6InhwaWRzLjE0NDB4MTA0Ni5zZHIuQzMifQ%3D%3D&_nc_ohc=1S_zSLkKqaoQ7kNvwFql066&_nc_oc=AdnOt9aJXKJefCoyyIodP1JX49Q4b8AD1C7bSgpioGeukHS-1hUJE7t56OEPXcFMrPU&_nc_ad=z-m&_nc_cid=0&_nc_zt=23&_nc_ht=scontent-hou1-1.cdninstagram.com&_nc_gid=3aoQKa3WB0dc490_zzG9Yg&oh=00_AfgXVRL78pUj-BaLZD5f7prrv-rUQLbpKBokaT5W9mNEqg&oe=693101BD;"Bugün Belediyemizde;  * Ascendum Makina Tic.A.Ş Ankara Bölge Satış Müdürü Efkan Duman ve hemşehrimiz İkinci El Satış Müdürü Ahmet Özbek’i  * Atatürkçü Düşünce Derneği Amasya Şube Başkanı Cihan Sancak’ı misafir ettik.  Ziyaretleri için tüm misafirlerimize teşekkür ederim.";;0
https://www.instagram.com/p/DRUxI8JDdkA/;Carousel;571;7;0;2025-11-21 19:02:36;https://scontent-hou1-1.cdninstagram.com/v/t51.82787-15/585216370_18042948389704930_96173582982085017_n.jpg?stp=dst-jpg_e35_tt6&_nc_cat=104&ig_cache_key=Mzc3MDg1NDYyNTQzMjYzNTMxNQ%3D%3D.3-ccb7-5&ccb=7-5&_nc_sid=58cdad&efg=eyJ2ZW5jb2RlX3RhZyI6InhwaWRzLjE0NDB4OTYwLnNkci5DMyJ9&_nc_ohc=ZmzEwmEi7-UQ7kNvwGltH5l&_nc_oc=Adkf5XSB7uiYpvXSo_dJ_H0twu9lQqPR6pv8MnZgGuSNK-pWUpcEnz9CLy03dgtnzL4&_nc_ad=z-m&_nc_cid=0&_nc_zt=23&_nc_ht=scontent-hou1-1.cdninstagram.com&_nc_gid=3aoQKa3WB0dc490_zzG9Yg&oh=00_Afhh_2TUQXUalDxz0AriM7O5VS_4zlQuUf6pdlRXfkWT7Q&oe=69311B8F;Kasım ayı Olağanüstü Meclis Toplantımızda 2026 yılı bütçemizi tahmini 2.750.000.000₺ (ikimilyaryediyüzellimilyon) olarak belirledik.   Kaynaklarımızı en doğru şekilde kullanarak Amasya’mıza daha fazla hizmet üretmek için çalışmalarımızı sürdürüyoruz.;;0
https://www.instagram.com/p/DRT-kQJjQQF/;Carousel;986;4;0;2025-11-21 11:40:41;https://scontent.cdninstagram.com/v/t51.82787-15/584400942_18042910796704930_816408177878699737_n.jpg?stp=dst-jpg_e35_tt6&_nc_cat=105&ig_cache_key=Mzc3MDYzMjE4ODY0ODU4MzMwOA%3D%3D.3-ccb7-5&ccb=7-5&_nc_sid=58cdad&efg=eyJ2ZW5jb2RlX3RhZyI6InhwaWRzLjE0NDB4MTA4MS5zZHIuQzMifQ%3D%3D&_nc_ohc=LjV0y4vYc3gQ7kNvwF8sRx1&_nc_oc=Adk8wD3IqQgwMd1DakKjf48ikuC1JRn0bJ47FsuxSYuHbJyvtTnwCrTU-PJZszMtsNs&_nc_ad=z-m&_nc_cid=0&_nc_zt=23&_nc_ht=scontent.cdninstagram.com&_nc_gid=zYjNgjyx188eeIT4vrdltA&oh=00_AfgIfp13oItwKxnGAWbWaxwSBToA8YHUFUimY6mSXOuIMA&oe=6930FDF4;“Amasya’nın suyu geleceğimizdir.”  Şehrimizin yeşil alanlarında kurakçıl peyzaj uygulamalarını yaygınlaştırıyoruz. Az su isteyen bitkiler, doğal taş dokuları ve akıllı sulama teknikleriyle hem estetik hem de su tasarruflu bir çevre oluşturuyoruz.  Doğal kaynakları koruyan, bakımı kolay ve sürdürülebilir peyzaj anlayışımızla Amasya’nın geleceğine değer katıyoruz. 🌿💧;;0
https://www.instagram.com/p/DRTwIwJDbe3/;Photo;115;0;0;2025-11-21 09:35:11;https://scontent.cdninstagram.com/v/t51.82787-15/584377510_18042903614704930_5128917257241540630_n.jpg?stp=dst-jpg_e35_tt6&_nc_cat=102&ig_cache_key=Mzc3MDU2OTAyMDcxOTA4NTQ5NQ%3D%3D.3-ccb7-5&ccb=7-5&_nc_sid=58cdad&efg=eyJ2ZW5jb2RlX3RhZyI6InhwaWRzLjE0NDB4MTgzMC5zZHIuQzMifQ%3D%3D&_nc_ohc=SUZZvwsijegQ7kNvwHpSr_L&_nc_oc=Adk4DmoQAmRRqIebVTaYXUrFvyAqRxL4hXIda2-ry7BfD7Dx6utQxUphxPEel9AArbs&_nc_ad=z-m&_nc_cid=0&_nc_zt=23&_nc_ht=scontent.cdninstagram.com&_nc_gid=zYjNgjyx188eeIT4vrdltA&oh=00_Afj0bsb-U-FYGIt0JBVISYdgOdQ4z1z34j3X7-M9rO9o-w&oe=6930F5BC;Kasım Ayı Olağanüstü Meclis Toplantımızı siz değerli komşularımızla buluşturuyoruz.  Bugün ⏰ 15.00’te belediyemizin önemli gündem maddelerinin konuşulacağı oturumu @turgaysevindi ve @amasyabld05 Instagram ve YouTube hesaplarımızdan canlı olarak takip edebilirsiniz.;;0
https://www.instagram.com/p/DRSYmWnDXNk/;Carousel;517;2;0;2025-11-20 20:49:41;https://scontent.cdninstagram.com/v/t51.82787-15/583890469_18042855098704930_6797691405931733525_n.jpg?stp=dst-jpg_e35_tt6&_nc_cat=109&ig_cache_key=Mzc3MDE4NDAwNjE5NDAxMjU0NQ%3D%3D.3-ccb7-5&ccb=7-5&_nc_sid=58cdad&efg=eyJ2ZW5jb2RlX3RhZyI6InhwaWRzLjE0NDB4OTU5LnNkci5DMyJ9&_nc_ohc=PBinrU0_sncQ7kNvwFwAW54&_nc_oc=AdkPR5iozGvKqUGMB-HrWErt_BWxOkovttdYJrxjEdRgbhiH4bHXsgDI2lBzEOV_23A&_nc_ad=z-m&_nc_cid=0&_nc_zt=23&_nc_ht=scontent.cdninstagram.com&_nc_gid=zYjNgjyx188eeIT4vrdltA&oh=00_AfiWiCXtEwOdD9RZJXvRik56LeP05cnbc_oEtUisVvluBQ&oe=693114C1;Bugün çocuklarımız için unutulmaz bir gün oldu. Dünya Çocuk Hakları Günü kapsamında düzenlediğimiz sihirbaz gösterisi, miniklerin yüzünde kocaman gülümsemeler bıraktı. 🎩💫  Onların kahkahaları, şaşkın bakışları ve neşesi Amasya’mıza ayrı bir güzellik kattı. Çocuklarımızın mutlu, güvenli ve haklarına sahip çıktığımız bir geleceği birlikte inşa edeceğiz. 💙🌍  Etkinliğimizde paydaşımız olan Amasya Şehzadeler İyilik Derneği’ne,katılan tüm çocuklara ve ailelerine teşekkür ederiz.;;0
https://www.instagram.com/p/DRSOb_5jS7n/;Carousel;514;1;0;2025-11-20 19:20:53;https://scontent.cdninstagram.com/v/t51.82787-15/583547456_18042847253704930_7208272320623955567_n.jpg?stp=dst-jpg_e35_tt6&_nc_cat=102&ig_cache_key=Mzc3MDEzOTMyNjg0ODc4NDQ4NA%3D%3D.3-ccb7-5&ccb=7-5&_nc_sid=58cdad&efg=eyJ2ZW5jb2RlX3RhZyI6InhwaWRzLjE0NDB4OTU5LnNkci5DMyJ9&_nc_ohc=YVKvKcU6wuMQ7kNvwHUxrCG&_nc_oc=AdmaCyopStlewquw0IMAHDpeotawX4hDzwKivSBU1SdZXudjf-valSEdS6PZLKpqaO8&_nc_ad=z-m&_nc_cid=0&_nc_zt=23&_nc_ht=scontent.cdninstagram.com&_nc_gid=zYjNgjyx188eeIT4vrdltA&oh=00_AfhIq422Cmh_AeBi-1j9eszbPXL6frSjXDlMR5wD5LUsqQ&oe=69310978;"Bugün şehrimizin değerli iş insanları Lesaffre Türkiye Amasya Maya Fabrikası Direktörü Cihangir Uzuner ve  Ce-Ka Ofis Mobilyaları sahibi Cem Kanar ile bir araya geldik. Üretimin gücünü, alın terinin bereketini ve Amasya’mızın geleceğini konuştuk.  Samimi bir ortamda, şehrimize katkı sunan her bir sanayicimize teşekkür ediyor; Amasya’yı birlikte büyütmeye devam edeceğimizi bir kez daha vurguluyorum.";;0
https://www.instagram.com/p/DRSExd-Dbnj/;Photo;1802;163;0;2025-11-20 17:56:26;https://scontent.cdninstagram.com/v/t51.82787-15/582425352_18042840284704930_8157717655434211451_n.jpg?stp=dst-jpg_e35_tt6&_nc_cat=111&ig_cache_key=Mzc3MDA5NjgyOTY4MjUzMDc4Nw%3D%3D.3-ccb7-5&ccb=7-5&_nc_sid=58cdad&efg=eyJ2ZW5jb2RlX3RhZyI6InhwaWRzLjE0NDB4MTkyMC5zZHIuQzMifQ%3D%3D&_nc_ohc=AgTqw0124cUQ7kNvwFHwiU_&_nc_oc=Adk7wKQtxLmqwG-8qV_XtIjk2KhGouDT30K6Aoccl6sw5H6qV7bQumxappMA_rjlIUU&_nc_ad=z-m&_nc_cid=0&_nc_zt=23&_nc_ht=scontent.cdninstagram.com&_nc_gid=zYjNgjyx188eeIT4vrdltA&oh=00_Afg79LgtaQds2yAGMq0o7kltg_yDQMJhpTPg83fbABfVXA&oe=69310E71;Şehrimizde hizmet veren toplu taşıma araçlarında görev yapan bir otobüs şoförünün herkesi üzen tavır ve davranışı BELEDİYEMİZİN YAPTIĞI SİVİL DENETİMLERDE tespit edilmiştir.  Vatandaşlarımızın can güvenliği ve hizmet kalitesi bizim için önceliktir. Bu nedenle ilgili şoför hakkında gerekli idari işlem uygulanmış ve ceza süreci başlatılmıştır.  Tüm ulaşım hizmetlerimizi güvenli, saygılı ve kurallara uygun şekilde sürdürülmesi için bundan sonra her HER TÜRLÜ KATI TEDBİRLERİ alacağımızı kamuoyuna saygıyla duyururuz.;;0
https://www.instagram.com/p/DRR0R-gDeTq/;Carousel;419;0;0;2025-11-20 15:32:19;https://scontent.cdninstagram.com/v/t51.82787-15/587250681_18042827456704930_4680029596163007268_n.jpg?stp=dst-jpg_e35_tt6&_nc_cat=110&ig_cache_key=Mzc3MDAyNDI4NzI3Mzg0MDUwNg%3D%3D.3-ccb7-5&ccb=7-5&_nc_sid=58cdad&efg=eyJ2ZW5jb2RlX3RhZyI6InhwaWRzLjE0NDB4OTU5LnNkci5DMyJ9&_nc_ohc=cujl9DwcclIQ7kNvwEI9J3o&_nc_oc=AdmD8lZzlP3JK6qmMBXW6U_falxbBOrgAnkpNOMW9sRpqeO4eJNVwd74-3xciKe_Wxo&_nc_ad=z-m&_nc_cid=0&_nc_zt=23&_nc_ht=scontent.cdninstagram.com&_nc_gid=zYjNgjyx188eeIT4vrdltA&oh=00_AfgXOWMnMi4hIh2-BkN-OpH2wjelBXb-3qNOg8i2vqBCkQ&oe=69311E20;Bu sabah belediyemize ait müzelerde emek veren çalışma arkadaşlarımızla bir araya geldik. Aynı masada buluşmak, aynı hedefe gönül vermek bize güç veriyor.  Her gün bu şehri daha iyi bir yere getirmek için alın teri döken tüm mesai arkadaşlarıma teşekkür ediyorum.;;0
https://www.instagram.com/p/DRRmouIjf7u/;Carousel;259;1;0;2025-11-20 13:33:06;https://scontent.cdninstagram.com/v/t51.82787-15/583269169_18042818963704930_6497422727922404933_n.jpg?stp=dst-jpg_e35_tt6&_nc_cat=101&ig_cache_key=Mzc2OTk2NDI3NzE2ODY3MTM3OQ%3D%3D.3-ccb7-5&ccb=7-5&_nc_sid=58cdad&efg=eyJ2ZW5jb2RlX3RhZyI6InhwaWRzLjE0NDB4OTIxLnNkci5DMyJ9&_nc_ohc=pC9ijJibFwYQ7kNvwFhGyie&_nc_oc=AdkD8dVan-ysaRNHrYxlnVHBG012OEkfp-NWP-86KS63mzhsynJjrXuqxg1dj6MiW4E&_nc_ad=z-m&_nc_cid=0&_nc_zt=23&_nc_ht=scontent.cdninstagram.com&_nc_gid=zYjNgjyx188eeIT4vrdltA&oh=00_AfilLgjtyCYfgm4KP620yieiMpa0vzCHjdvfcSkgAIgJgg&oe=6930F867;"Bugün Belediyemizde;  * Yeniden Refah Partisi Merkez İlçe Başkanı Yusuf Karakuş ve yönetimi, * Yesevi Hareketi Derneği Karadeniz Bölge Başkanı Engin Keşoğlu,Amasya İl başkanı Burak Koçak ve yönetim kurulu, * Amasya İstihbarat sosyal medya ekibi, * Yeşilırmak Geri Dönüşüm Enerji Temizlik İnş. Nak. Ltd. Şti. sahibi Aziz Karabayır’ı, misafir ettik.  Ziyaretleri için tüm misafirlerimize teşekkür ederim.";;0
https://www.instagram.com/p/DRRP67QjUOH/;Photo;197;2;0;2025-11-20 10:14:36;https://scontent.cdninstagram.com/v/t51.82787-15/583972925_18042805880704930_3597139952429214570_n.jpg?stp=dst-jpg_e35_tt6&_nc_cat=103&ig_cache_key=Mzc2OTg2NDM4MzE0MTU5Mzk5MQ%3D%3D.3-ccb7-5&ccb=7-5&_nc_sid=58cdad&efg=eyJ2ZW5jb2RlX3RhZyI6InhwaWRzLjE0NDB4MTgwMC5zZHIuQzMifQ%3D%3D&_nc_ohc=DwM4LfdDAbEQ7kNvwFsotov&_nc_oc=AdkR05IPCOjwCbVUnP0rXRNqtLLbsvwWS8RnMj36Xu33j2j9Vq7lRSVvVw1ZKnWkm90&_nc_ad=z-m&_nc_cid=0&_nc_zt=23&_nc_ht=scontent.cdninstagram.com&_nc_gid=zYjNgjyx188eeIT4vrdltA&oh=00_AfhkAWVue5h4oA6Ljfw8o2IbAPFRiBCHAhaAR0zIKNvepg&oe=69311042;Her çocuğun güvende olduğu, sevildiği, eşit imkânlara sahip olduğu bir dünya mümkün… Onların gülüşü bu şehrin en kıymetli sesi.  Amasya’da her çocuğun daha mutlu, daha sağlıklı ve daha umutlu yarınlara ulaşması için çalışmaya devam edeceğiz. Çünkü çocuklar bizim geleceğimiz değil, bugünkü en büyük sorumluluğumuz.;;0
https://www.instagram.com/p/DRRIk3qDfL1/;Carousel;565;0;0;2025-11-20 09:10:25;https://scontent.cdninstagram.com/v/t51.82787-15/584397355_18042801467704930_4430471470769536489_n.jpg?stp=dst-jpegr_e35_tt6&_nc_cat=103&ig_cache_key=Mzc2OTgzMjA3NDE2NjI0ODM0Nw%3D%3D.3-ccb7-5&ccb=7-5&_nc_sid=58cdad&efg=eyJ2ZW5jb2RlX3RhZyI6InhwaWRzLjE0NDB4MTA4MC5oZHIuQzMifQ%3D%3D&_nc_ohc=Yuf3h1nyvFwQ7kNvwFVfygF&_nc_oc=Adl8LsMLfvXfIWdqLJw591bmx35Klf5hQKkIQeqGtsERiKA02skA00tcbr90Td7B99U&_nc_ad=z-m&_nc_cid=0&_nc_zt=23&_nc_ht=scontent.cdninstagram.com&_nc_gid=zYjNgjyx188eeIT4vrdltA&oh=00_AfhYP_u9NXP-Iea16agTIECZhgmjvD_aG7KWkZR-zKnS7Q&oe=693103E4;📢 İstasyon Caddesi Su Arızası  İstasyon Caddesi’nde meydana gelen su arızasına ekiplerimiz hızla müdahale etmiş olup çalışmalar devam etmektedir.  En kısa sürede sorunu gidererek suyu tekrar sağlıklı şekilde vermek için sahadayız.  Anlayışınız için teşekkür ederiz. 💧;;0
https://www.instagram.com/p/DRPlYWHiCJd/;Carousel;1035;5;0;2025-11-19 18:43:38;https://scontent.cdninstagram.com/v/t51.82787-15/584889311_18042746519704930_1483077576276202249_n.jpg?stp=dst-jpg_e35_tt6&_nc_cat=105&ig_cache_key=Mzc2OTM5NTc5NjQ2MzEwMzczNw%3D%3D.3-ccb7-5&ccb=7-5&_nc_sid=58cdad&efg=eyJ2ZW5jb2RlX3RhZyI6InhwaWRzLjE0NDB4OTYwLnNkci5DMyJ9&_nc_ohc=lmmfly2Dv3IQ7kNvwHY3pRM&_nc_oc=Adk4YHEIdCpcqy9K1qNdE0MAflb4KB8bqKqMARmEw549hSY_tOx4j9QCO79qZLZg5ZE&_nc_ad=z-m&_nc_cid=0&_nc_zt=23&_nc_ht=scontent.cdninstagram.com&_nc_gid=zYjNgjyx188eeIT4vrdltA&oh=00_AfgCN1PfUAA0tWPEioNHtPuE_vtYURGSCAxFpT2SGQLCpA&oe=69310B55;* Geçtiğimiz günlerde Kale Köy’de evi yanan hemşehrimiz Mehmet Aslan’a geçmiş olsun dileklerimizi ileterek yaralarını sarmak için imkanlarımız doğrultusunda dayanışmada bulunacağımızı belirttik.  * Yıldızköy mevkiinde çıkan yangın sonrası deposu hasar gören hemşehrimiz İsmail Kurt’a geçmiş olsun ziyaretinde bulunduk.  Amasya Belediyesi olarak her zaman yanınızdayız. Geçmiş olsun.;;0
https://www.instagram.com/p/DRPOje3iLBh/;Carousel;324;0;0;2025-11-19 15:24:11;https://scontent.cdninstagram.com/v/t51.82787-15/582720050_18042729098704930_1323494964068652858_n.jpg?stp=dst-jpg_e35_tt6&_nc_cat=102&ig_cache_key=Mzc2OTI5NTQwNDE5NDY0MTMzMA%3D%3D.3-ccb7-5&ccb=7-5&_nc_sid=58cdad&efg=eyJ2ZW5jb2RlX3RhZyI6InhwaWRzLjE0NDB4OTU5LnNkci5DMyJ9&_nc_ohc=fowin97fgZ8Q7kNvwG8fwLk&_nc_oc=AdkzE4Q51CvRAGernlbzmUQHNL3uls_DmH0OgrqL61mx7AcIzluPaze6vNXEgxcF9nA&_nc_ad=z-m&_nc_cid=0&_nc_zt=23&_nc_ht=scontent.cdninstagram.com&_nc_gid=zYjNgjyx188eeIT4vrdltA&oh=00_AfjFXg0HFbfkhaY1TLaX-SF5cTYKUqoBnDnfG_BjCJ0dyg&oe=69312ADB;"Bugün Belediyemizde;  * Meteroloji Müdürümüz Süleyman Tosun, * İl Telekom Müdürümüz Selim Şanlı, * Altı Nokta Körler Derneği Amasya Şube Başkanı Musa Demiryarar, * Serdar Zeren Ortaokulu öğretmen ve öğrencilerimizi, * Tüm Muhtarlar Derneği Başkanımız Erhan Zengin ve Muhtarlarımızı  * Yeniköy Mahallesi Muhtarı Ercan Köse ve mahalle sakinlerini  * Yenice Mahallesi Muhtarımız Bekir Kelekçi, Sulama Kooperatifi Başkanı Osman Kütük ,Yenice İlköğretim Okulu Müdürü Hasan Kılıç ve yol arkadaşımız Mustafa Bölükbaş’ı misafir ettik.  Ziyaretleri için tüm misafirlerimize teşekkür ederim.";;0
https://www.instagram.com/p/DRNVUKxCMxN/;Carousel;863;7;0;2025-11-18 21:44:47;https://scontent.cdninstagram.com/v/t51.82787-15/584267884_18042666521704930_8384626956607726481_n.jpg?stp=dst-jpg_e35_tt6&_nc_cat=110&ig_cache_key=Mzc2ODc2MjE4NjExMDM4NTY2MA%3D%3D.3-ccb7-5&ccb=7-5&_nc_sid=58cdad&efg=eyJ2ZW5jb2RlX3RhZyI6InhwaWRzLjk2MHg2NDAuc2RyLkMzIn0%3D&_nc_ohc=-APrkuqcZ90Q7kNvwE3vH0E&_nc_oc=AdnLBXmPokdwHYGzj66oVmjneVnJvDYhZPUNwZH-CaS5tP5UmgN2TLqTNPFslG1Z0Ug&_nc_ad=z-m&_nc_cid=0&_nc_zt=23&_nc_ht=scontent.cdninstagram.com&_nc_gid=zYjNgjyx188eeIT4vrdltA&oh=00_AfiUX59fP_K1kZuaK7qAEz11Dwf2dkFa0a_Jaeo71T6ssA&oe=6930F727;İl Başkanımız,Milletvekilimiz,İlçe Başkanlarımız ve Belediye Başkanlarımızla beraber bugün partimizin grup toplantısına katıldık.   Grup toplantımız sonrasında İl örgütümüzle beraber Genel Başkanımız Özgür Özel’i ziyaret ederek şehrimize dair çalışmalarımız hakkında bilgi paylaşımında bulunduk.   Güçlü Yurttaş, Güvenli Gelecek, Kazanan Türkiye İçin var gücümüzle çalışmaya hep birlikte devam edeceğiz.;;0
https://www.instagram.com/p/DRNGEkFCNsD/;Carousel;340;0;0;2025-11-18 19:31:34;https://scontent.cdninstagram.com/v/t51.82787-15/582544848_18042656963704930_3811541214323976523_n.jpg?stp=dst-jpg_e35_tt6&_nc_cat=107&ig_cache_key=Mzc2ODY5NTE1NTQxMTM4OTgwMA%3D%3D.3-ccb7-5&ccb=7-5&_nc_sid=58cdad&efg=eyJ2ZW5jb2RlX3RhZyI6InhwaWRzLjg1M3g1Njguc2RyLkMzIn0%3D&_nc_ohc=A5c4Iit5-awQ7kNvwE6dwC9&_nc_oc=Adle8fpGn2yoNnE3BA8VaFepDYtzxtzOz-Ms5dhCSfq2pmDEt-0-rP7vMJ8i0YKCdrk&_nc_ad=z-m&_nc_cid=0&_nc_zt=23&_nc_ht=scontent.cdninstagram.com&_nc_gid=IbOaj6K0zNof52OXbMPEqg&oh=00_Afg7U1Qw93gwp7xKDTGyue8qrQxm4mFCcWHxtVFlc3cfvQ&oe=69310C53;“İl belediye başkanlarımızla birlikte Genel Başkanımız Özgür Özel’le bir araya geldik. Şehrimiz ve ülkemiz için ortak akılla, uyumla ve kararlılıkla çalışmaya devam edeceğiz.”;;0
https://www.instagram.com/p/DRKPQ43DP3D/;Carousel;344;0;0;2025-11-17 16:54:11;https://scontent.cdninstagram.com/v/t51.82787-15/582433264_18042547424704930_5500304253504765865_n.jpg?stp=dst-jpg_e35_tt6&_nc_cat=107&ig_cache_key=Mzc2Nzg5MTAzMDkwNjI2MDE5MA%3D%3D.3-ccb7-5&ccb=7-5&_nc_sid=58cdad&efg=eyJ2ZW5jb2RlX3RhZyI6InhwaWRzLjE0NDB4OTU5LnNkci5DMyJ9&_nc_ohc=fEP7oIJPorsQ7kNvwE-Qv4V&_nc_oc=AdlU5V_XW01kjsQAR-yAeGcF-PFOEv0jTuXbLUjpche0TYfDb6voZdu3DOF8SX4tyQg&_nc_ad=z-m&_nc_cid=0&_nc_zt=23&_nc_ht=scontent.cdninstagram.com&_nc_gid=IbOaj6K0zNof52OXbMPEqg&oh=00_Afjpg7-CcEXomPpyxaAK_oA5clWyGNAIoLjebtmZEU0MmQ&oe=6931127C;14 Kasım Arabuluculuk Günü kapsamında TURAMEP (Türkiye Arabulucular ve Arabuluculuk Merkezleri Platformu) Başkanı Harun Uyanıkoğlu,İl Temsilcisi Esin Tekeş ve arabulucu meslektaşlarımı misafir ettik.   Nazik ziyaretleri için meslektaşlarımıza teşekkür ederim.;;0
https://www.instagram.com/p/DRH63pyDTBx/;Reels;4198;110;141100;2025-11-16 19:19:20;https://scontent.cdninstagram.com/v/t51.71878-15/582525613_1853011989433396_3719969806955679410_n.jpg?stp=dst-jpg_e15_tt6&_nc_cat=110&ig_cache_key=Mzc2NzIzODUyNDQ1MDcxMzcxMw%3D%3D.3-ccb7-5&ccb=7-5&_nc_sid=58cdad&efg=eyJ2ZW5jb2RlX3RhZyI6InhwaWRzLjY0MHgxMTM2LnNkci5DMyJ9&_nc_ohc=rB2D1cdCa-AQ7kNvwGOnMsr&_nc_oc=AdmIRJ0A-IU2zE6dkxoX0Lqpa8FKLt7dmiJeoe2w-umBWwbSE0IhW8rigWQLxzyFs44&_nc_ad=z-m&_nc_cid=0&_nc_zt=23&_nc_ht=scontent.cdninstagram.com&_nc_gid=IbOaj6K0zNof52OXbMPEqg&oh=00_Afg1J9wFchmTimkgCcfXCyV7hlmHZVblE6Ep6a_OPdjKiA&oe=69311440;Söz verdiğimiz gibi… Bu şehre gönlümüzü verdik. Her adımda, her hizmette Amasya’nın gülüşünü, insanımızın duasını düşünüyoruz. Sizlerin güveniyle, daha güzel yarınlar için çalışmaya devam edeceğiz.;;0
https://www.instagram.com/p/DRFvswKDcpv/;Photo;1140;6;0;2025-11-15 23:01:37;https://scontent.cdninstagram.com/v/t51.82787-15/582534559_18042386546704930_897627915257254500_n.jpg?stp=dst-jpg_e35_tt6&_nc_cat=103&ig_cache_key=Mzc2NjYyNjQ0NjkxNjU2OTcxMQ%3D%3D.3-ccb7-5&ccb=7-5&_nc_sid=58cdad&efg=eyJ2ZW5jb2RlX3RhZyI6InhwaWRzLjgyNXg2MDAuc2RyLkMzIn0%3D&_nc_ohc=cQ2yn9LzxKUQ7kNvwEXuF9n&_nc_oc=AdlrVtSvey6nAuPrtShOzSuYXcahSCnf2EkeB30Jj6NLoh7-6JnsUJwi3G-CSNV0NFM&_nc_ad=z-m&_nc_cid=0&_nc_zt=23&_nc_ht=scontent.cdninstagram.com&_nc_gid=IbOaj6K0zNof52OXbMPEqg&oh=00_AfiYEN7iA-W8EPUSrEMue2kHA4B-Gv1IwiNwFaHavVwF9w&oe=693111CA;🌙 Amasya’nın gecesi… Işıkların suya, tarihin yüreğimize dokunduğu anların şehri...;;0
https://www.instagram.com/p/DRFsNuKDTIa/;Carousel;683;2;0;2025-11-15 22:30:57;https://scontent.cdninstagram.com/v/t51.82787-15/581210088_18042383990704930_7967318738803969014_n.jpg?stp=dst-jpg_e35_tt6&_nc_cat=107&ig_cache_key=Mzc2NjYxMDk3NDI1NDkzNjI5MA%3D%3D.3-ccb7-5&ccb=7-5&_nc_sid=58cdad&efg=eyJ2ZW5jb2RlX3RhZyI6InhwaWRzLjY3MXg4MzMuc2RyLkMzIn0%3D&_nc_ohc=fAsWmSI-R7UQ7kNvwEBPFFy&_nc_oc=AdmUVoyYCiCh-CUnR2tWkU--H4VCiBmpzFs7uLWi8NEfbMTOOomdEXV7MwB_cJ-Y03M&_nc_ad=z-m&_nc_cid=0&_nc_zt=23&_nc_ht=scontent.cdninstagram.com&_nc_gid=IbOaj6K0zNof52OXbMPEqg&oh=00_Afh-6ccUwlq4iNiOSiYYbyPcL3RTVVnhvir6_H3gMKkMRQ&oe=69310D54;Milli Takımımızın bugün Bulgaristan karşısında aldığı galibiyet, milletimize büyük bir sevinç ve gurur yaşattı. Ay-Yıldızlı formayı taşıyan tüm sporcularımızı ve teknik ekibi tebrik ediyor, başarılarının devamını diliyoruz.;;0
https://www.instagram.com/p/DRFhnhIjU82/;Photo;651;2;0;2025-11-15 20:58:30;https://scontent.cdninstagram.com/v/t51.82787-15/581439144_18042378416704930_3721281807942829674_n.jpg?stp=dst-jpg_e35_tt6&_nc_cat=104&ig_cache_key=Mzc2NjU2NDUxNDUzNjcwNTg0Ng%3D%3D.3-ccb7-5&ccb=7-5&_nc_sid=58cdad&efg=eyJ2ZW5jb2RlX3RhZyI6InhwaWRzLjE0NDB4MTA4MC5zZHIuQzMifQ%3D%3D&_nc_ohc=7i-ek8hQZ2kQ7kNvwFfXt2E&_nc_oc=AdkzeR57GLj3aZQ2CmDshcqolTtawAINbnauXM4tRRtuqGdvdPAc4_jKQuhYSoAwwtU&_nc_ad=z-m&_nc_cid=0&_nc_zt=23&_nc_ht=scontent.cdninstagram.com&_nc_gid=IbOaj6K0zNof52OXbMPEqg&oh=00_Afh4RUyuJ4L1jmlkwll2mi-yADZ4UMgoxl5KpQc_15k9pQ&oe=69310A00;Bu sezonun son nikahı olarak Belediye Çocuk Yuvamızın Müdüresi Burcu Şen ile Zafer Nalbant’ın nikahını kıydık.   Evliliğe adım atan arkadaşlarımıza sağlıklı, huzurlu ve mutluluk dolu bir ömür diliyoruz.  Şehrimizin her güzel anında hemşehrilerimizin yanında olmaya devam edeceğiz.;;0
https://www.instagram.com/p/DRFYJ7_DR-4/;Photo;194;5;0;2025-11-15 19:35:52;https://scontent.cdninstagram.com/v/t51.82787-15/581370583_18042370736704930_507423481377431827_n.jpg?stp=dst-jpg_e35_tt6&_nc_cat=103&ig_cache_key=Mzc2NjUyMjg5OTM2NTQzNzM2OA%3D%3D.3-ccb7-5&ccb=7-5&_nc_sid=58cdad&efg=eyJ2ZW5jb2RlX3RhZyI6InhwaWRzLjE0NDB4MTgzMC5zZHIuQzMifQ%3D%3D&_nc_ohc=pz4jcSvZ6M0Q7kNvwFtfXqr&_nc_oc=AdkVuGZpxsLpB33okQrti0ZRlO8Z15D1bWEa7XW8ZxP2WTchlQ8i5lgJvuBCdmNehqY&_nc_ad=z-m&_nc_cid=0&_nc_zt=23&_nc_ht=scontent.cdninstagram.com&_nc_gid=IbOaj6K0zNof52OXbMPEqg&oh=00_AfjICp7fTRKYlchWq5G5j16C9Q7S3fVTGUA42UZoD2SuHQ&oe=6930FA87;📢 Halk Kart Kasım Ayı Ödemesi Yapıldı  Değerli hemşehrilerimiz, Belediyemizin sosyal destek programı kapsamında Halk Kart Kasım ayı ödemeleri hesaplara aktarılmıştır.   Amasya’mızda ihtiyaç sahibi her bir vatandaşımızın yanında olmaya devam ediyor, sosyal dayanışmayı güçlendirmek için çalışıyoruz.  Hayırlı ve bereketli olsun.;;0
https://www.instagram.com/p/DRFP-q4jYTh/;Photo;885;15;0;2025-11-15 18:24:42;https://scontent.cdninstagram.com/v/t51.82787-15/583038467_18042363590704930_1531725469106398367_n.jpg?stp=dst-jpg_e35_tt6&_nc_cat=110&ig_cache_key=Mzc2NjQ4Njk0MDcxNjQ2NzQyNQ%3D%3D.3-ccb7-5&ccb=7-5&_nc_sid=58cdad&efg=eyJ2ZW5jb2RlX3RhZyI6InhwaWRzLjEzMDV4MTY1MC5zZHIuQzMifQ%3D%3D&_nc_ohc=FYiOi4IQFE0Q7kNvwFSasNc&_nc_oc=AdlUFutzgqo8lWWmRYPN8b5AG5ZzUTrcbQYLZSQpSw-1W5xKUT5jFGB95fICoVESd4g&_nc_ad=z-m&_nc_cid=0&_nc_zt=23&_nc_ht=scontent.cdninstagram.com&_nc_gid=IbOaj6K0zNof52OXbMPEqg&oh=00_Afjl4xq7ZM6mPzRrtKwpoKG4zav-Lv1ZtzHWlY_p58mghA&oe=69312739;"Manisa’da meydana gelen trafik kazasında şehit olan polis memurumuz Ali Barut’a Allah’tan rahmet; ailesine sabır ve başsağlığı diliyorum. Yaralı polis memurumuza acil şifalar diliyorum.  Milletimizin başı sağ olsun.🇹🇷";;0
https://www.instagram.com/p/DRFIP7pjRTJ/;Carousel;402;1;0;2025-11-15 17:16:41;https://scontent.cdninstagram.com/v/t51.82787-15/582545409_18042357035704930_6278619052487911459_n.jpg?stp=dst-jpg_e35_tt6&_nc_cat=100&ig_cache_key=Mzc2NjQ1MDM4MDcxMzMxNDM5Ng%3D%3D.3-ccb7-5&ccb=7-5&_nc_sid=58cdad&efg=eyJ2ZW5jb2RlX3RhZyI6InhwaWRzLjE0NDB4MTA4MC5zZHIuQzMifQ%3D%3D&_nc_ohc=7K2qOoXV9CIQ7kNvwEEgrQ5&_nc_oc=Adk5VbYDXo12-4_cBLC2equUcP2lHhsw8iuZovEeI5UwAwAsnLqi0nMPH1Ygj3RSg20&_nc_ad=z-m&_nc_cid=0&_nc_zt=23&_nc_ht=scontent.cdninstagram.com&_nc_gid=IbOaj6K0zNof52OXbMPEqg&oh=00_AfhF-uCWxwNrnZIF1u38mv9U7s7mOCJafpLA-JsQm1cIwQ&oe=69312454;Viele Mutfak Mobilya Dekorasyon İşletmemizi Belediye Meclis Üyemiz Fatih Yağcı ile ziyaret ederek gündeme ve mobilya sektörüne dair sohbet ettik.   Nazik ev sahiplikleri için firma sahibimiz Mehmet Dağıstanlı’ya teşekkür ederiz.;;0
https://www.instagram.com/p/DRE5aO_DYla/;Carousel;530;2;0;2025-11-15 15:07:01;https://scontent.cdninstagram.com/v/t51.82787-15/584308043_18042344255704930_2615519969015355548_n.jpg?stp=dst-jpg_e35_tt6&_nc_cat=106&ig_cache_key=Mzc2NjM4NTM0MDAwMTkyOTMwMA%3D%3D.3-ccb7-5&ccb=7-5&_nc_sid=58cdad&efg=eyJ2ZW5jb2RlX3RhZyI6InhwaWRzLjE0NDB4OTYwLnNkci5DMyJ9&_nc_ohc=svQBtQcgp-kQ7kNvwEHdcdR&_nc_oc=Adld1PetgPm3iUWTFtq9ToflS4g7HULDQBTBN5vQkXW1sWg3PiFoSYCl8-CD2nXDDew&_nc_ad=z-m&_nc_cid=0&_nc_zt=23&_nc_ht=scontent.cdninstagram.com&_nc_gid=IbOaj6K0zNof52OXbMPEqg&oh=00_AfhjsfCEkzJ-_Ddi8xoSGGRP70LoVg-PlEfv6u0hvQKGtA&oe=693103D0;İşletmeciliğini Damla Karademir kardeşimizin yapacağı D’Style Boutique adlı mağazanın açılış törenine Ticaret ve Sanayi Oda Başkanımız Murat Kırlangıç ve meclis üyelerimiz Fatih Yağcı,Emre İşeri ile katıldık.   Genç girişimci kardeşimize hayırlı ve bereketli olmasını diliyorum.;;0
https://www.instagram.com/p/DRCU0iQDeaU/;Carousel;1225;12;0;2025-11-14 15:08:49;https://scontent.cdninstagram.com/v/t51.82787-15/582561446_18042242834704930_7208644851720351665_n.jpg?stp=dst-jpg_e35_tt6&_nc_cat=108&ig_cache_key=Mzc2NTY2MzgwMzI5Njc4NDg4Nw%3D%3D.3-ccb7-5&ccb=7-5&_nc_sid=58cdad&efg=eyJ2ZW5jb2RlX3RhZyI6InhwaWRzLjE0NDB4OTU5LnNkci5DMyJ9&_nc_ohc=Fh2ygznswsgQ7kNvwGN0WKk&_nc_oc=Adl5BsLEIA1ugo73O_c_k0mA9GKplEQjQpFDIa9u1CPfbMVpoGD68sOAPGJvrWzyY7k&_nc_ad=z-m&_nc_cid=0&_nc_zt=23&_nc_ht=scontent.cdninstagram.com&_nc_gid=IbOaj6K0zNof52OXbMPEqg&oh=00_AfiUhbg3sGzwPRvsnMAMQQVK-QeiHfCoTWxLXUyVYUHvig&oe=693108B8;Azerbaycan’dan dönen C-130 uçak kazasında şehit olan Gümüşhacıköylü Şehidimiz Astsubay Başçavuş Hamdi Armağan Kaplan’ı son yolculuğuna uğurladık.  Şehidimize Allah’tan rahmet, kederli ailesine ve Aziz Türk Milletine başsağlığı diliyoruz.  🇹🇷 Ruhu şad, mekânı cennet olsun.;;0
https://www.instagram.com/p/DRArgdZDQCm/;Photo;377;3;0;2025-11-13 23:48:34;https://scontent.cdninstagram.com/v/t51.82787-15/581728180_18042184394704930_2514552314077102136_n.jpg?stp=dst-jpg_e35_tt6&_nc_cat=110&ig_cache_key=Mzc2NTIwMDYzNTA2Mzc2MzExMA%3D%3D.3-ccb7-5&ccb=7-5&_nc_sid=58cdad&efg=eyJ2ZW5jb2RlX3RhZyI6InhwaWRzLjExNjV4NjEwLnNkci5DMyJ9&_nc_ohc=tXpzmVVzANgQ7kNvwEE_rCk&_nc_oc=AdnE6gvoohrUxawMCUqG5hDg_JQuSLO4C8w70Qev4y2W-Dk1iE8c7e4lpgtHpM6zrt4&_nc_ad=z-m&_nc_cid=0&_nc_zt=23&_nc_ht=scontent.cdninstagram.com&_nc_gid=IbOaj6K0zNof52OXbMPEqg&oh=00_Afhl3B_A1muW7YInWFw5iRLeNQU6xqAlDFbLENt65wsnag&oe=69311793;;;0
https://www.instagram.com/p/DRAT4FmDa69/;Photo;104;0;0;2025-11-13 20:22:05;https://scontent-det1-1.cdninstagram.com/v/t51.82787-15/583093166_18042171950704930_6595312025901643627_n.jpg?stp=dst-jpg_e35_tt6&_nc_cat=100&ig_cache_key=Mzc2NTA5NjcwNTY2MzI4Mjg3Nw%3D%3D.3-ccb7-5&ccb=7-5&_nc_sid=58cdad&efg=eyJ2ZW5jb2RlX3RhZyI6InhwaWRzLjE0NDB4MTgwMC5zZHIuQzMifQ%3D%3D&_nc_ohc=0yrirBTfQGIQ7kNvwHyukQH&_nc_oc=AdnV5CDZsourh2K6TfS8ckV1wcCTYUZkEieb5qJO4-kpvvFZn78vq6d6KfQn90JJVGZn0WLTMa8AuP_uDJpit_zQ&_nc_ad=z-m&_nc_cid=0&_nc_zt=23&_nc_ht=scontent-det1-1.cdninstagram.com&_nc_gid=Hb_21XI4EIUjeYysQaOi3w&oh=00_Afgw4AFPIsQYWkMbgUcuGO06Ii36tzmrrrvm5SwlV-S2vg&oe=693101D2;🚍 Üniversite Öğrencilerimize Ulaşım Desteği!  ‼️İKAMETGAHINI AMASYA’YA ALAN ÖĞRECİLERMİZ İÇİNDİR. ‼️  Örgün öğrenim gören ön lisans ve lisans öğrencilerine, Kasım – Haziran aylarını kapsayan 8 aylık süre boyunca, toplamda 1.000 öğrenciye aylık 40.000 binişlik ulaşım desteği sağlanacaktır.  Eğitime destek, geleceğe yatırımdır. 💙  📅 Başvuru tarihleri: Kontenjanlarımız dolana kadar(kontenjanımız 1000 öğrenci ile sınırlıdır.)  📍 Başvurular, Sosyal Yardım İşleri Müdürlüğümüze şahsen yapılacaktır.;;0
https://www.instagram.com/p/DQ_XrJnjQjS/;Carousel;319;0;0;2025-11-13 11:36:01;https://scontent-det1-1.cdninstagram.com/v/t51.82787-15/581104791_18042127706704930_1612717716675953826_n.jpg?stp=dst-jpg_e35_tt6&_nc_cat=105&ig_cache_key=Mzc2NDgzMTkyNTE2NTY5MTMzNw%3D%3D.3-ccb7-5&ccb=7-5&_nc_sid=58cdad&efg=eyJ2ZW5jb2RlX3RhZyI6InhwaWRzLjE0NDB4OTU5LnNkci5DMyJ9&_nc_ohc=jo1J2y9iY-UQ7kNvwHRBfq7&_nc_oc=Adkwyhn8_dS86gma8RUWKR0zLtyNNGg-ExTMYQxoKdBwEhAbg2_EL4apwTMeXhGM8Hc8Fqwloz4_VKANu5ninbbV&_nc_ad=z-m&_nc_cid=0&_nc_zt=23&_nc_ht=scontent-det1-1.cdninstagram.com&_nc_gid=Hb_21XI4EIUjeYysQaOi3w&oh=00_AfhDPE7_G3qog3Y1AOCtozY6brOg9KVM-0QPp_xa9paiKA&oe=69312203;Amasya Üniversitemiz ev sahipliğinde düzenlenen VI. Uluslararası Sürdürülebilir Gelişme Çerçevesinde Kültürel Peyzajlar Kongresi ‘ne katıldık.   Amasya’mızın eşsiz doğasını, tarihini ve ruhunu korumak, aslında çocuklarımıza bırakacağımız en değerli mirastır.   Kongrenin Amasya’da düzenlenmesini sağlayan Amasya Üniveristesi Rektörümüz Prof. Dr. Ahmet Hakkı Turabi’ye ve akademisyenlerimize teşekkür ederiz.;;0
https://www.instagram.com/p/DQ9_89Ojcv3/;Photo;444;7;0;2025-11-12 22:49:30;https://scontent-det1-1.cdninstagram.com/v/t51.82787-15/581103029_18042079811704930_1808233275604954478_n.jpg?stp=dst-jpg_e35_tt6&_nc_cat=107&ig_cache_key=Mzc2NDQ0NjEyOTM5MjgzMTQ3OQ%3D%3D.3-ccb7-5&ccb=7-5&_nc_sid=58cdad&efg=eyJ2ZW5jb2RlX3RhZyI6InhwaWRzLjEyOTB4NzcyLnNkci5DMyJ9&_nc_ohc=tJEl_8acZvcQ7kNvwFSsHrW&_nc_oc=Adk4NWD-PyC80wj0j_0ojcLBZN7DQRfCP6VdDVzx1Cc7dtK6Mc6Qmk36wy9nO9uT2Wl_gC1O-RzepXTzrHRsygWB&_nc_ad=z-m&_nc_cid=0&_nc_zt=23&_nc_ht=scontent-det1-1.cdninstagram.com&_nc_gid=Hb_21XI4EIUjeYysQaOi3w&oh=00_Afjoaywdh9bfWFamXscjSCF57S0MlC0ncvtME-qRC1mrgA&oe=693120D9;Türk sanat müziğimizin efsane sesi Muazzez Abacı’yı kaybettik.  Sanatıyla kuşakları birleştiren, gönüllerde derin izler bırakan değerli sanatçımıza Allah’tan rahmet, sevenlerine başsağlığı diliyorum.;;0
https://www.instagram.com/p/DQ9s0X9DXl0/;Carousel;264;0;0;2025-11-12 20:02:18;https://scontent-det1-1.cdninstagram.com/v/t51.82787-15/582926315_18042067670704930_2480112010420138776_n.jpg?stp=dst-jpg_e35_tt6&_nc_cat=103&ig_cache_key=Mzc2NDM2MTk3MTU1NTQzNzIwMA%3D%3D.3-ccb7-5&ccb=7-5&_nc_sid=58cdad&efg=eyJ2ZW5jb2RlX3RhZyI6InhwaWRzLjE0NDB4OTAxLnNkci5DMyJ9&_nc_ohc=M4bKGj62vMgQ7kNvwG7kwe2&_nc_oc=AdmwIKKbl0avVKC65P9Lrw_i2JpltR3hfO17tfsZlB6sK-8HURLoVWxJiYFknbriY8eQSkvk8PEpKSQ6ye6QEXuA&_nc_ad=z-m&_nc_cid=0&_nc_zt=23&_nc_ht=scontent-det1-1.cdninstagram.com&_nc_gid=Hb_21XI4EIUjeYysQaOi3w&oh=00_AfgxosGzx9lu60OCgEg2fL95FbnHmGd9CKkv_9oM4THQOg&oe=693111A5;Kent Konseyi Başkanımız Mehmet Yüksel ve yürütme kurulumuz ile keyifli bir sohbet gerçekleştirdik.   Şehrimize dair yapabileceklerimizi değerlendirdik.   Nazik ziyaretleri için Başkanımıza ve yürütme kurulumuza teşekkür ederiz.;;0
https://www.instagram.com/p/DQ9dschjacA/;Carousel;410;1;0;2025-11-12 17:50:09;https://scontent-det1-1.cdninstagram.com/v/t51.82787-15/582975072_18042052016704930_2682078397831407208_n.jpg?stp=dst-jpg_e35_tt6&_nc_cat=102&ig_cache_key=Mzc2NDI5NTQ1Mzk0NTc1MjY1OA%3D%3D.3-ccb7-5&ccb=7-5&_nc_sid=58cdad&efg=eyJ2ZW5jb2RlX3RhZyI6InhwaWRzLjE0NDB4OTAzLnNkci5DMyJ9&_nc_ohc=dyq25y4HQgwQ7kNvwFOQ5AO&_nc_oc=AdlbzxQz4tCzHJRu-bXht7VMgeZBYuQLWd_T_byxCoMpuEYNi7o-R7ZMfZWqW6Rcfgq_iLYc0mzBtqoU3mugFoyh&_nc_ad=z-m&_nc_cid=0&_nc_zt=23&_nc_ht=scontent-det1-1.cdninstagram.com&_nc_gid=Hb_21XI4EIUjeYysQaOi3w&oh=00_AfiK98lFl_gAyw_VjAnCFXYKvhopnUIHnf9dXLz0T4PBqQ&oe=69310149;"Bugün ;  * 2-8 Kasım Lösemili Çocuklar Haftası kapsamında LÖSEV Samsun İl Koordinatörleri Ferhan Taşkınsu ve beraberindekileri,  * Şehzadeler İyilik Derneği Başkanı Ethem GÜDEK ve dernek üyelerini,  * Kaleköy Muhtarımız Ahmet Baş,55 Evler Mahallesi Muhtarımız Emre Kaya ve Kurşunlu Mahallesi Muhtarımız Muhammed Aca’yı,  * Göllü Bağları Mahallesi’nde oturan komşularımızı Belediyemizde ağırladık.";;0
https://www.instagram.com/p/DQ7AEFaiPOD/;Photo;629;6;0;2025-11-11 18:52:45;https://scontent-det1-1.cdninstagram.com/v/t51.82787-15/579716628_18041964089704930_326034599772693120_n.jpg?stp=dst-jpg_e35_tt6&_nc_cat=111&ig_cache_key=Mzc2MzYwMjE5NDI4OTk4MDI5MQ%3D%3D.3-ccb7-5&ccb=7-5&_nc_sid=58cdad&efg=eyJ2ZW5jb2RlX3RhZyI6InhwaWRzLjk1Nng2Mzcuc2RyLkMzIn0%3D&_nc_ohc=iWcqvGA8XNsQ7kNvwG4Wvt4&_nc_oc=AdlUPM8SDrbisZKuukiOnmqgAMZ5naACgmAOdnsg5-YNjdW2xNiAG6j6Vn3S05A_Wu11VfGx3rpMrVjYaIGZy_Nr&_nc_ad=z-m&_nc_cid=0&_nc_zt=23&_nc_ht=scontent-det1-1.cdninstagram.com&_nc_gid=Hb_21XI4EIUjeYysQaOi3w&oh=00_AfjIbW8TnlQy-cRgNqtgdQeNCs4O8wXzMDCWVa3V3sSPWA&oe=6930F6F5;Milletimizin başı sağ olsun 🇹🇷  Azerbaycan’dan Türkiye’ye dönerken düşen C-130 uçağımızdaki kahramanlarımızı kaybettik..  Ruhları şad, mekânları cennet olsun..;;0
https://www.instagram.com/p/DQ6YHgEiDw2/;Carousel;538;1;0;2025-11-11 13:03:41;https://scontent-det1-1.cdninstagram.com/v/t51.82787-15/579969531_18041932508704930_7124664459651658667_n.jpg?stp=dst-jpg_e35_tt6&_nc_cat=100&ig_cache_key=Mzc2MzQyNjQ5MzM3NzA1Nzk5MA%3D%3D.3-ccb7-5&ccb=7-5&_nc_sid=58cdad&efg=eyJ2ZW5jb2RlX3RhZyI6InhwaWRzLjE0NDB4OTYyLnNkci5DMyJ9&_nc_ohc=Ucs48TEczAIQ7kNvwE9tTsV&_nc_oc=AdnuIwBJwgyIO-A4syyZjweQHXKt5Wt3k6jZzrftyvIctxjZVIJpO5epQThdulbuU1VUJXR176jtZ-xylw87SEuF&_nc_ad=z-m&_nc_cid=0&_nc_zt=23&_nc_ht=scontent-det1-1.cdninstagram.com&_nc_gid=Hb_21XI4EIUjeYysQaOi3w&oh=00_AfiCTsr_4O3PjcjFLnMjtJ7m5UYFGOAZzPV6VZGb_j8cXA&oe=6930FB27;🌱 11 Kasım Milli Ağaçlandırma Günü 🌳 Geleceğe nefes, Amasya’ya umut! Bugün toprağa attığımız her fidan, yarınlarımızın güvencesi. #GeleceğeNefes;;0
https://www.instagram.com/p/DQ4qRyRiCaB/;Reels;2393;16;48064;2025-11-10 21:04:43;https://scontent-det1-1.cdninstagram.com/v/t51.71878-15/576112617_1883721549171133_2754385241777767101_n.jpg?stp=dst-jpg_e15_tt6&_nc_cat=109&ig_cache_key=Mzc2Mjk0MzQyODgzMzg0NjkxMw%3D%3D.3-ccb7-5&ccb=7-5&_nc_sid=58cdad&efg=eyJ2ZW5jb2RlX3RhZyI6InhwaWRzLjY0MHgxMTM2LnNkci5DMyJ9&_nc_ohc=VC7j-UqucBgQ7kNvwEWyBFo&_nc_oc=AdlIFghjC90w01QRVUZdu7AJQ0WZyM9gF7Ub1-AlAA-qb-aVt4rx8N7q9SZhcq6uT-kHV4SdIRSt_WuaJJiQdSoN&_nc_ad=z-m&_nc_cid=0&_nc_zt=23&_nc_ht=scontent-det1-1.cdninstagram.com&_nc_gid=Hb_21XI4EIUjeYysQaOi3w&oh=00_Afjf3HhOho0v9HnswGbvQMYGsY4aj5dDLdNYvccWLl9avA&oe=6930FC61;Atam, Senin gösterdiğin yolda, senin öğrettiklerinle yürüyoruz. Zaman geçiyor, nesiller değişiyor… Ama biz, aynı inançla, aynı sevgiyle izindeyiz. Varlığınla gurur, yokluğunla hüzün duyuyoruz. Kalbimizde, düşüncelerimizde, her adımımızda sen varsın. Atam… izindeyiz.;;0
https://www.instagram.com/p/DQ4i9imCLsJ/;Carousel;416;1;0;2025-11-10 19:59:58;https://scontent-det1-1.cdninstagram.com/v/t51.82787-15/576577548_18041870996704930_1065846747954597747_n.jpg?stp=dst-jpg_e35_tt6&_nc_cat=106&ig_cache_key=Mzc2MjkxMTIyOTkwMDIyODk0Mg%3D%3D.3-ccb7-5&ccb=7-5&_nc_sid=58cdad&efg=eyJ2ZW5jb2RlX3RhZyI6InhwaWRzLjE0NDB4OTU5LnNkci5DMyJ9&_nc_ohc=pSOmW3tJWGoQ7kNvwHfRBsL&_nc_oc=Adkq-Vy2P1brFd-BtUYfCkNIufYqFhKxK2UkZtdBlD9otaBs1XQlVmMQIjq3-gfBO2Op50E5xV3fOYBXEq5fRlTk&_nc_ad=z-m&_nc_cid=0&_nc_zt=23&_nc_ht=scontent-det1-1.cdninstagram.com&_nc_gid=Hb_21XI4EIUjeYysQaOi3w&oh=00_AfgLhUbforybtd4p3HOU_DrB22u2ex_visuhJ2ZkoifclA&oe=69312A5C;Organize Sanayi Bölgemizde faaliyet gösteren Çevikler Gözde Kuruyemiş işletmemizi ziyaret ederek firmamızın üretimleri hakkında bilgi aldık.  İşletmecilerimize misafirperverlikleri için teşekkür ederiz.;;0
https://www.instagram.com/p/DQ4M7KZjW4s/;Carousel;247;2;0;2025-11-10 16:47:24;https://scontent-det1-1.cdninstagram.com/v/t51.82787-15/579508563_18041852081704930_4698415471734189919_n.jpg?stp=dst-jpg_e35_tt6&_nc_cat=100&ig_cache_key=Mzc2MjgxNDMyMzg4NzI3NDUxOA%3D%3D.3-ccb7-5&ccb=7-5&_nc_sid=58cdad&efg=eyJ2ZW5jb2RlX3RhZyI6InhwaWRzLjE0NDB4OTU5LnNkci5DMyJ9&_nc_ohc=vVl4mVSj3b8Q7kNvwFmWevH&_nc_oc=AdkrZRphyeJIS_pYoVUYozOrv-5RFJ1RdGcyhsK50INP4yVLdq7OH-3HiQB9hA9vBXHmCJiDMXw2TJyFcQU2_vAk&_nc_ad=z-m&_nc_cid=0&_nc_zt=23&_nc_ht=scontent-det1-1.cdninstagram.com&_nc_gid=Hb_21XI4EIUjeYysQaOi3w&oh=00_AfiZivVjLLJp82OEPfNqoaz4NDgzZVe25BW24mkF5OHxhA&oe=69311B61;Sayın Valimiz Önder Bakan Başkanlığında Organize Sanayi Bölgesi Müteşebbis Heyeti toplantımızı gerçekleştirdik.;;0
https://www.instagram.com/p/DQ4BAdEDZGm/;Carousel;1080;2;0;2025-11-10 15:03:16;https://scontent-det1-1.cdninstagram.com/v/t51.82787-15/576348461_18041840978704930_2085955726057376849_n.jpg?stp=dst-jpg_e35_tt6&_nc_cat=106&ig_cache_key=Mzc2Mjc2MTkwOTk2ODY2NzQxNg%3D%3D.3-ccb7-5&ccb=7-5&_nc_sid=58cdad&efg=eyJ2ZW5jb2RlX3RhZyI6InhwaWRzLjE0NDB4OTYwLnNkci5DMyJ9&_nc_ohc=Rkfi84X8qFoQ7kNvwEEr78Y&_nc_oc=AdnmZMnM-Pn-gQpqXrkZGfFymFzcqiIsBngAfF22VC7oGrjDtUZK-KhqoXvud7MNAiChDv3BZ235Vwm9mRf9tgz_&_nc_ad=z-m&_nc_cid=0&_nc_zt=23&_nc_ht=scontent-det1-1.cdninstagram.com&_nc_gid=Hb_21XI4EIUjeYysQaOi3w&oh=00_AfiVX99uNgQWc69OSYC198r-Hy0RFS-ExKQ0P1ObWuib7g&oe=69312153;Ey bu ülkenin aydınlık yüzlü gençleri, Atatürk’ün sizlere olan güveni, bugün de yarın da yolunuzu aydınlatmaya devam ediyor. O’nun “Bütün ümidim gençliktedir.” sözü, bir inancın, bir mirasın ve bir çağrının ifadesidir.  Atam, senin izindeyiz… Cumhuriyetin gençleri olarak, emanetini sonsuza dek yaşatacağız…;;0
https://www.instagram.com/p/DQ36AD-jTb3/;Carousel;386;0;0;2025-11-10 14:02:03;https://scontent-det1-1.cdninstagram.com/v/t51.82787-15/580964864_18041838836704930_193724495708571098_n.jpg?stp=dst-jpg_e35_tt6&_nc_cat=105&ig_cache_key=Mzc2MjczMTA5NzEwOTkxMjE4OQ%3D%3D.3-ccb7-5&ccb=7-5&_nc_sid=58cdad&efg=eyJ2ZW5jb2RlX3RhZyI6InhwaWRzLjE0NDB4OTU5LnNkci5DMyJ9&_nc_ohc=nP-HoqbvLXEQ7kNvwGTzaDl&_nc_oc=AdmoHwsCl0-YfjKn9og08JHmNVNEOiKsb8YtbBFBe5IQeL4OIZGxWzMmzKQa_61eQ0QRunSB5eV3IdlmjfeBmpie&_nc_ad=z-m&_nc_cid=0&_nc_zt=23&_nc_ht=scontent-det1-1.cdninstagram.com&_nc_gid=Hb_21XI4EIUjeYysQaOi3w&oh=00_AfgTijrkRdEPuobdU7Zx01SZUP61hAQR_a5i07LVtXBXUA&oe=69311926;İlk protokolümüzle beraber Belediye Kültür Merkezimizde düzenlenen 10 Kasım Atatürk’ü Anma programına katıldık.   Anma programında emeği geçen öğretmenlerimize  ve öğrenci kardeşlerime şükranlarımı sunuyorum.;;0
https://www.instagram.com/p/DQ30rtiDWCk/;Carousel;692;2;0;2025-11-10 13:15:35;https://scontent.cdninstagram.com/v/t51.82787-15/581107320_18041836061704930_7253477768801707608_n.jpg?stp=dst-jpg_e35_tt6&_nc_cat=100&ig_cache_key=Mzc2MjcwNzcwOTU2MTczNTI1NQ%3D%3D.3-ccb7-5&ccb=7-5&_nc_sid=58cdad&efg=eyJ2ZW5jb2RlX3RhZyI6InhwaWRzLjE0NDB4OTYwLnNkci5DMyJ9&_nc_ohc=icQt6rtW9R4Q7kNvwEZWv_O&_nc_oc=AdmVdKSsypN3qtoVp51xlyhJWu8EBBcNQv2eHuWDz8EPGsUGHboDerqxBtVFZyWAd_4&_nc_ad=z-m&_nc_cid=0&_nc_zt=23&_nc_ht=scontent.cdninstagram.com&_nc_gid=osSwwTLpPKagy0je7yrcIQ&oh=00_AfgaS6tJYaSdJ9LwGws2NAqa5Wr3iOzFcMRO8NGA81A0Yg&oe=6930F649;Benim iki büyük eserim vardır diyen Mustafa Kemal Atatürk’ün kurduğu Cumhuriyet Halk Partisi olarak Atamızın huzurundaydık.  Ne Senden vazgeçeriz Atam Ne de Senin eserlerinden…;;0
https://www.instagram.com/p/DQ3hZ67jYuX/;Carousel;1338;2;0;2025-11-10 10:27:08;https://scontent.cdninstagram.com/v/t51.82787-15/580032313_18041825606704930_8384023667984398937_n.jpg?stp=dst-jpg_e35_tt6&_nc_cat=106&ig_cache_key=Mzc2MjYyMjkyMTk4MzIzNjUyMA%3D%3D.3-ccb7-5&ccb=7-5&_nc_sid=58cdad&efg=eyJ2ZW5jb2RlX3RhZyI6InhwaWRzLjE0NDB4OTYwLnNkci5DMyJ9&_nc_ohc=BFjW2RBzqMMQ7kNvwH_wTWI&_nc_oc=AdmP86Q9i4mA0zxBlgyoGHt2d5jp16XqSEPEPDU6xpyQDBcoDF9tiYK2N9y_UsHFTco&_nc_ad=z-m&_nc_cid=0&_nc_zt=23&_nc_ht=scontent.cdninstagram.com&_nc_gid=osSwwTLpPKagy0je7yrcIQ&oh=00_AfjQZuaBcBNfUqo89CsdIDTAB0Yd943Nl-bqKI859zcXPw&oe=69312A89;Bugün, saat dokuzu beş geçe bir sessizlik çöktü memlekete… Ama bilinsin ki, o sessizlikte milyonlarca kalp aynı anda “Atam senin yolundayız” diyecek.  Aziz hatıran önünde saygıyla, sevgiyle ve sonsuz minnetle eğiliyoruz. Ruhun şad olsun Atam…;;0
https://www.instagram.com/p/DQ3WNI7DfJz/;Photo;839;10;0;2025-11-10 08:49:16;https://scontent.cdninstagram.com/v/t51.82787-15/581236329_18041820197704930_5805096845829788099_n.jpg?stp=dst-jpg_e35_tt6&_nc_cat=110&ig_cache_key=Mzc2MjU3MzY3MzY0ODQ4NDk3OQ%3D%3D.3-ccb7-5&ccb=7-5&_nc_sid=58cdad&efg=eyJ2ZW5jb2RlX3RhZyI6InhwaWRzLjE0NDB4MTgwMC5zZHIuQzMifQ%3D%3D&_nc_ohc=EgE7IjmfyFYQ7kNvwE6E2Hw&_nc_oc=AdnNWP7du_5Z2odNIDTMH8a6uZHqu2UEjDULENELE7o3UIZGHLZ_gbBt1rA1WTpHUls&_nc_ad=z-m&_nc_cid=0&_nc_zt=23&_nc_ht=scontent.cdninstagram.com&_nc_gid=osSwwTLpPKagy0je7yrcIQ&oh=00_AfgVRnZdeMdQUZ9i3nvWW_NsSNSp0hsKtjUdDdVgptk-ZQ&oe=693129F0;Ulu Önderimiz Gazi Mustafa Kemal Atatürk’ü, ebediyete uğurladığımız bu büyük günün hüznüyle, ama aynı zamanda onun bize bıraktığı mirasın gururuyla anıyoruz.  Atam… Sen rahat uyu. Bu şehirde senin fikirlerin, senin değerlerin, senin ışığın hep yaşayacak.  Sonsuz minnet, saygı ve özlemle…;;0
https://www.instagram.com/p/DQ12OHjjX7x/;Reels;1356;8;49504;2025-11-09 18:51:44;https://scontent.cdninstagram.com/v/t51.71878-15/581430552_2371391756645034_3209161544118422966_n.jpg?stp=dst-jpg_e15_tt6&_nc_cat=103&ig_cache_key=Mzc2MjE1MTUyODQzNDg1OTc2MQ%3D%3D.3-ccb7-5&ccb=7-5&_nc_sid=58cdad&efg=eyJ2ZW5jb2RlX3RhZyI6InhwaWRzLjY0MHgzNjAuc2RyLkMzIn0%3D&_nc_ohc=cMqhMN957_YQ7kNvwEPFj3Z&_nc_oc=AdlYgCShWG22yY4RG61VmqZ-M25RHrwiXxLnV7z_kq2oyI3gCAVJUdQOKvhFMmlFE0M&_nc_ad=z-m&_nc_cid=0&_nc_zt=23&_nc_ht=scontent.cdninstagram.com&_nc_gid=osSwwTLpPKagy0je7yrcIQ&oh=00_AfjQnf1m5oBdee39R_gceiFq_WoG1ccbPt1y96D8OW51rA&oe=6931274D;Ölmedin ki yasını tutalım. Bizimkisi yokluğuna hasret Atam.. 1881-193∞;;0
https://www.instagram.com/p/DQytUdmDWi8/;Photo;425;2;0;2025-11-08 13:35:02;https://scontent.cdninstagram.com/v/t51.82787-15/575677251_18041620856704930_2272377241011847950_n.jpg?stp=dst-jpg_e35_tt6&_nc_cat=101&ig_cache_key=Mzc2MTI2Nzk1NzA2NzI0NTc1Ng%3D%3D.3-ccb7-5&ccb=7-5&_nc_sid=58cdad&efg=eyJ2ZW5jb2RlX3RhZyI6InhwaWRzLjk4Nng3NDAuc2RyLkMzIn0%3D&_nc_ohc=Rm1nxSxkUTcQ7kNvwFr7f3Y&_nc_oc=AdmIn9qDlIeqchmd3gR_lIaQYT09NFJ6baW7AaC9LZiwU8zDS3KHpcOL_WhJoNAIcz8&_nc_ad=z-m&_nc_cid=0&_nc_zt=23&_nc_ht=scontent.cdninstagram.com&_nc_gid=osSwwTLpPKagy0je7yrcIQ&oh=00_AfiDjebRNYTTVebyPPfJIhvtCOZZ79ry3BN1IDIQLtFQdQ&oe=69311367;Kocaeli Dilovası’nda parfüm deposunda çıkan yangında 6 emekçimiz hayatını kaybetmiştir.   Hayatını kaybedenlere Allah’tan rahmet, yakınlarına başsağlığı, yaralılarımıza acil şifalar diliyorum.;;0
https://www.instagram.com/p/DQwsQnzDWey/;Carousel;1205;5;0;2025-11-07 18:47:18;https://scontent.cdninstagram.com/v/t51.82787-15/574488742_18041544650704930_6939884785966173614_n.jpg?stp=dst-jpg_e35_tt6&_nc_cat=108&ig_cache_key=Mzc2MDcwMDMzNzcyMTAzMTc0OA%3D%3D.3-ccb7-5&ccb=7-5&_nc_sid=58cdad&efg=eyJ2ZW5jb2RlX3RhZyI6InhwaWRzLjE0NDB4OTYwLnNkci5DMyJ9&_nc_ohc=deYCUVRSY6EQ7kNvwHHSOrG&_nc_oc=AdkIukoA-WpthBVS57tl8-dqMSDO4UDKq0y_JpsoTUvtQvG1fvzEf0tLTxOCagnzEBM&_nc_ad=z-m&_nc_cid=0&_nc_zt=23&_nc_ht=scontent.cdninstagram.com&_nc_gid=osSwwTLpPKagy0je7yrcIQ&oh=00_AfjdTu97Qm-ONFkNJKsnW9dHNKA3oUpKXx3vDAAS4lLYgg&oe=693119AC;Now TV’de yayınlanan “Çağla ile Yeni Bir Gün” programına konuk olarak Amasya’mızın kültürel, tarihi, gastronomi alanındaki eşsiz lezzetlerini ve doğal güzelliklerini paylaştık.  Kadim şehir Amasya’mızı ekranlara taşıyan sevgili Now TV ailesine ve değerli sunucu Çağla Şıkel’e teşekkür ediyoruz.  @nowtvturkiye  @yenibirguntv;;0
https://www.instagram.com/p/DQwo_UjjRXj/;Carousel;221;0;0;2025-11-07 18:18:43;https://scontent.cdninstagram.com/v/t51.82787-15/575203455_18041542034704930_5164238442691593997_n.jpg?stp=dst-jpg_e35_tt6&_nc_cat=105&ig_cache_key=Mzc2MDY4NTk1NTMwMTYyNzk1MA%3D%3D.3-ccb7-5&ccb=7-5&_nc_sid=58cdad&efg=eyJ2ZW5jb2RlX3RhZyI6InhwaWRzLjE0NDB4ODg1LnNkci5DMyJ9&_nc_ohc=Ba4gpF40LAAQ7kNvwH8MyJq&_nc_oc=AdnK5uEEunspK0QhYEsMJ2vPYS0_K4D-NvZ867oduDnTwIEwS5IoINqzwb-nf-sK9gc&_nc_ad=z-m&_nc_cid=0&_nc_zt=23&_nc_ht=scontent.cdninstagram.com&_nc_gid=osSwwTLpPKagy0je7yrcIQ&oh=00_AfgZDo883OEEQu2bhBfRbCvuXb181zOwF-LKXkac-qMBTg&oe=69310BA2;CHP Merzifon İlçe Başkanımız Hasan Caba ve yönetim kurulu üyelerini belediyemizde ağırladık.   Nazik ziyaretleri ve hoş sohbetleri dolayısıyla konuklarımıza teşekkür ediyorum.;;0
https://www.instagram.com/p/DQwmDdxCpax/;Reels;264;0;17500;2025-11-07 17:57:10;https://scontent.cdninstagram.com/v/t51.82787-15/573699236_18041540786704930_3443262243049830431_n.jpg?stp=dst-jpg_e15_tt6&_nc_cat=109&ig_cache_key=Mzc2MDY3MzA1Mjc0MTUwNjczNzE4MDQxNTQwNzgzNzA0OTMw.3-ccb7-5&ccb=7-5&_nc_sid=58cdad&efg=eyJ2ZW5jb2RlX3RhZyI6InhwaWRzLjcyMHg0MDQuc2RyLkMzIn0%3D&_nc_ohc=zj4p4D-JnHMQ7kNvwHuR9mE&_nc_oc=AdlYnxpdbpvZyQuviaPQ47gcDIVsDC3RHxNSx70WM4k2S0YjdzRthzSgr8K4VkX6J0w&_nc_ad=z-m&_nc_cid=0&_nc_zt=23&_nc_ht=scontent.cdninstagram.com&_nc_gid=osSwwTLpPKagy0je7yrcIQ&oh=00_AfjnSGRJlad41hWhX6_anJb4zn2VLW4GKpVdsOK4I_XEUw&oe=69310228;Belediye Meclisi 2025 Yılı Kasım Ayı Toplantısı Part 3;;0
https://www.instagram.com/p/DQwlO6GilNr/;Reels;180;0;14074;2025-11-07 17:49:59;https://scontent.cdninstagram.com/v/t51.82787-15/576105133_18041540318704930_5523943253587522674_n.jpg?stp=dst-jpg_e15_tt6&_nc_cat=106&ig_cache_key=Mzc2MDY2OTQ0MTAzNDcwMzcyMzE4MDQxNTQwMzE1NzA0OTMw.3-ccb7-5&ccb=7-5&_nc_sid=58cdad&efg=eyJ2ZW5jb2RlX3RhZyI6InhwaWRzLjcyMHg0MDQuc2RyLkMzIn0%3D&_nc_ohc=jJ7DX987frMQ7kNvwGky2Ex&_nc_oc=AdlKDiqJdqgnHHpF_0w9IYZ8-PdXZYTXO_zOCuL0_-cJth8SJnQ7F18jwUD1d1ZeOTM&_nc_ad=z-m&_nc_cid=0&_nc_zt=23&_nc_ht=scontent.cdninstagram.com&_nc_gid=osSwwTLpPKagy0je7yrcIQ&oh=00_Afgn2I75FEzxK4v91lDRBjvgctFrRdMt2xIgVBn4NvdRSA&oe=69311413;Belediye Meclisi 2025 Yılı Kasım Ayı Toplantısı Part 2;;0
https://www.instagram.com/p/DQwkPxMCoJ5/;Reels;179;0;13548;2025-11-07 17:44:47;https://scontent.cdninstagram.com/v/t51.82787-15/573538130_18041537723704930_5527869203697426450_n.jpg?stp=dst-jpg_e15_tt6&_nc_cat=102&ig_cache_key=Mzc2MDY2NTEwMjEzNjI3OTY3Mw%3D%3D.3-ccb7-5&ccb=7-5&_nc_sid=58cdad&efg=eyJ2ZW5jb2RlX3RhZyI6InhwaWRzLjg1NHg0ODAuc2RyLkMzIn0%3D&_nc_ohc=9S--Voyyw9AQ7kNvwHgTiiT&_nc_oc=AdlmF2PkVpVqzOmAZ6qFZtsJecnP2I15k6ha8Wb0NNEV5XloWBc-eibYIKrbNvWQgVo&_nc_ad=z-m&_nc_cid=0&_nc_zt=23&_nc_ht=scontent.cdninstagram.com&_nc_gid=osSwwTLpPKagy0je7yrcIQ&oh=00_AfharSiJuOIk0lJxC5zCv2TuzfW6V_aLtRzFfrTpsTsp8w&oe=6931177F;Belediye Meclisi 2025 Yılı Kasım Ayı Toplantısı Part 1;;0
https://www.instagram.com/p/DQwbL_dDcCL/;Carousel;496;0;0;2025-11-07 16:18:07;https://scontent.cdninstagram.com/v/t51.82787-15/574753990_18041529245704930_6774478976572126288_n.jpg?stp=dst-jpg_e35_tt6&_nc_cat=107&ig_cache_key=Mzc2MDYyNTI0NTYwMzMzNTk2OA%3D%3D.3-ccb7-5&ccb=7-5&_nc_sid=58cdad&efg=eyJ2ZW5jb2RlX3RhZyI6InhwaWRzLjE0NDB4OTU5LnNkci5DMyJ9&_nc_ohc=wbE7BmnDOBMQ7kNvwGlTgvk&_nc_oc=Adk9dJNvkCnVzwjExujUtqpvbREGEe53jjdEpF3OH74mrVWaoIebnJXXS4JsX9mpxz0&_nc_ad=z-m&_nc_cid=0&_nc_zt=23&_nc_ht=scontent.cdninstagram.com&_nc_gid=osSwwTLpPKagy0je7yrcIQ&oh=00_AfjqQAOfIajG3YTjgx0NsV6ikjrfdvr2rs81p6y8yuN35w&oe=69311ED9;Kasım Ayı Belediye Meclisi Toplantımızı gerçekleştirdik.  Aldığımız kararların Amasya’mız için hayırlı ve uğurlu olmasını diliyorum.;;0
https://www.instagram.com/p/DQvvoHxjVeM/;Carousel;1470;1;0;2025-11-07 09:57:29;https://scontent.cdninstagram.com/v/t51.82787-15/575639146_18041502191704930_1567918505065011887_n.jpg?stp=dst-jpegr_e35_tt6&_nc_cat=109&ig_cache_key=Mzc2MDQzMzY2NzcxNDY1Nzk0MQ%3D%3D.3-ccb7-5&ccb=7-5&_nc_sid=58cdad&efg=eyJ2ZW5jb2RlX3RhZyI6InhwaWRzLjE0NDB4MTIyOC5oZHIuQzMifQ%3D%3D&_nc_ohc=dqk7zXolpDEQ7kNvwFBbQE_&_nc_oc=Adn5G9LnVQkFQej-XeOT9owIKq5WgiMAoffKF_4N3T6iZJKxHXTYdMGPfKuI1Pb7FEY&_nc_ad=z-m&_nc_cid=0&_nc_zt=23&_nc_ht=scontent.cdninstagram.com&_nc_gid=osSwwTLpPKagy0je7yrcIQ&oh=00_AfhFY--BI9cW3iuwTCtGXWsiPbuaA8wGxIZqFt-QxuofUA&oe=693123EA;İl Özel İdaresi Anaokulu öğrencilerimizin hazırladığı 10 Kasım Atatürk’ü Anma Programı’nda, Atamızı sevgiyle ve özlemle andık.  Ulu Önderimizin izinde yürüyen bu minik kalpler, yarınlarımızın umut dolu mimarları olacak. Her biriyle ayrı ayrı gurur duyuyorum. 🇹🇷;;0
https://www.instagram.com/p/DQuTPQUDXm9/;Reels;1663;30;59766;2025-11-06 20:30:47;https://scontent-det1-1.cdninstagram.com/v/t51.71878-15/573161678_1738503253527420_7415608763933670870_n.jpg?stp=dst-jpg_e15_tt6&_nc_cat=100&ig_cache_key=Mzc2MDAyNzM1MDA5MzEwMTUwMQ%3D%3D.3-ccb7-5&ccb=7-5&_nc_sid=58cdad&efg=eyJ2ZW5jb2RlX3RhZyI6InhwaWRzLjY0MHgxMTM2LnNkci5DMyJ9&_nc_ohc=aEht1vLRgLQQ7kNvwHz6-zh&_nc_oc=AdkyUn_EHF0hJqRJix6H15ARCX7k-vPt1C3vGAJIVkwQMAFe3rJ4LwnI9X02d5J8c7VSgLjd7KLduX2AwmHSHtTQ&_nc_ad=z-m&_nc_cid=0&_nc_zt=23&_nc_ht=scontent-det1-1.cdninstagram.com&_nc_gid=Z6YDW0N9Q2TvK07FVgCCdw&oh=00_AfiBSEaVlD8VomQl0t9zKRoi1E2eNZubvvrsgAwDBbRloQ&oe=6930FC6E;"🏛️ Amasya Darüşşifası UNESCO Yolunda  İlhanlı Devleti döneminden günümüze ulaşan, Anadolu’nun en önemli şifa merkezlerinden Amasya Darüşşifası (Bimarhane), Kültür ve Turizm Bakanlığı tarafından yürütülen “Anadolu’nun Tıp Eğitimi ve Şifa Merkezleri: Darüşşifalar” projesi kapsamında UNESCO Dünya Miras Listesi’ne aday gösteriliyor.  Bu önemli süreçle birlikte; 📜 Tarihi mirasımızın korunarak gelecek nesillere aktarılması, 🌍 Uluslararası tanıtımın güçlendirilmesi ve 🏞️ Şehrimizin kültür ve turizm potansiyelinin artırılması hedefleniyor.  📌Bakanlığımız işbirliği ile hazırlayacağımız adaylık dosyası 1 Şubat 2028’de Dünya Miras Merkezine iletilmesi planlanmaktadır.  #UNESCO #Darüşşifa #KültürelMiras #ŞifanınKalbiAmasya";;0
https://www.instagram.com/p/DQuRG0FjdCF/;Carousel;412;2;0;2025-11-06 20:11:33;https://scontent-det1-1.cdninstagram.com/v/t51.82787-15/575604921_18041452163704930_4278118476401750774_n.jpg?stp=dst-jpg_e35_tt6&_nc_cat=101&ig_cache_key=Mzc2MDAxNzk2MzI5OTQ5MzI1NQ%3D%3D.3-ccb7-5&ccb=7-5&_nc_sid=58cdad&efg=eyJ2ZW5jb2RlX3RhZyI6InhwaWRzLjE0NDB4MTA4MC5zZHIuQzMifQ%3D%3D&_nc_ohc=7ajDCOdtgzwQ7kNvwG5jQC8&_nc_oc=Adn8OhNwKn_2XwhBE-bon-pU2rhUyMzA7uqK-7dAziawkurlIwbncA-GdL0agcggwptpQCC2YqNeLLi0Jug0yv82&_nc_ad=z-m&_nc_cid=0&_nc_zt=23&_nc_ht=scontent-det1-1.cdninstagram.com&_nc_gid=Z6YDW0N9Q2TvK07FVgCCdw&oh=00_Afgo_KXfdkAnmjIYhCtXSNsXHv5Spk-hRzuf5soIq39e6g&oe=69311089;Kasım Ayı Belediye Meclis Toplantısı öncesinde, partimizde İl Başkanımız İlker Küp, Merkez İlçe Başkanımız Mehmet Önder ve meclis üyelerimiz ile birlikte grup toplantımızı gerçekleştirdik.  Toplantıda gündeme dair önemli konuları ele alarak fikir alışverişinde bulunduk.   Aldığımız kararların şehrimiz için hayırlı olmasını diliyorum.;;0
https://www.instagram.com/p/DQuLwhYjaSP/;Carousel;302;1;0;2025-11-06 19:24:49;https://scontent-det1-1.cdninstagram.com/v/t51.82787-15/574819820_18041447897704930_1448318149461126417_n.jpg?stp=dst-jpg_e35_tt6&_nc_cat=111&ig_cache_key=Mzc1OTk5NDQ0NjUxNjQyNzk1MA%3D%3D.3-ccb7-5&ccb=7-5&_nc_sid=58cdad&efg=eyJ2ZW5jb2RlX3RhZyI6InhwaWRzLjEwMDl4NjM3LnNkci5DMyJ9&_nc_ohc=V0xCIx-jTsUQ7kNvwEdNbwk&_nc_oc=AdmG5J0Qh50WQog4RuwgyyjnOjDI9KeOzCeSrXaycTgHxlE2pjHt7W4GzvjLrYh4o7VSlbXIgKahM-H7rTmQtpj2&_nc_ad=z-m&_nc_cid=0&_nc_zt=23&_nc_ht=scontent-det1-1.cdninstagram.com&_nc_gid=Z6YDW0N9Q2TvK07FVgCCdw&oh=00_Afibbcs6wZ_-HJp5irYxdwKMS7vp2pQZB36L-Pp9n1KFCA&oe=69312459;Yeşilyenice Mahallesi Muhtarlığı’nı, Meclis Üyemiz Fatih Yağcı ve Muhtarlık İşleri Müdürümüz Berati Kaynar ile ziyaret ettik.  Mahallelerimizin sorun, talep ve dileklerini dinleyip notlarımızı aldık, ilgili birim müdürlerimize gerekli talimatlarımızı ilettik.  Nazik ev sahipliği için muhtarımız Bekir Kelekçi’ye teşekkür ediyorum.;;0
https://www.instagram.com/p/DQuJM0nDSwh/;Carousel;237;1;0;2025-11-06 19:02:28;https://scontent-det1-1.cdninstagram.com/v/t51.82787-15/573645635_18041446292704930_9131817717933270868_n.jpg?stp=dst-jpg_e35_tt6&_nc_cat=100&ig_cache_key=Mzc1OTk4MzE5Njk3MzY2NDU2NA%3D%3D.3-ccb7-5&ccb=7-5&_nc_sid=58cdad&efg=eyJ2ZW5jb2RlX3RhZyI6InhwaWRzLjk2MXg1Nzcuc2RyLkMzIn0%3D&_nc_ohc=LIKgkMM0K4QQ7kNvwECuCVS&_nc_oc=Adn-JQ1nCKilcwMU7rvsuuedstxmGZ9OT3bs3kyDbVx0C4lSThQT5vrE7AkAUAzqYrKKFSst_xonEBnpk_4LWaik&_nc_ad=z-m&_nc_cid=0&_nc_zt=23&_nc_ht=scontent-det1-1.cdninstagram.com&_nc_gid=Z6YDW0N9Q2TvK07FVgCCdw&oh=00_AfiCydp4JR71NX_VZcFMYK15u1fM00hPiSR7FKXQF5P5fQ&oe=6930F802;CHP Suluova İlçe Başkanımız İbrahim Karakütük ve yönetim kurulu üyelerini belediyemizde ağırladık.   Nazik ziyaretleri ve hoş sohbetleri dolayısıyla konuklarımıza teşekkür ediyorum.;;0
https://www.instagram.com/p/DQuGCQvjbwI/;Reels;1175;18;74723;2025-11-06 18:35:36;https://scontent-det1-1.cdninstagram.com/v/t51.71878-15/572364768_24044389788571462_1760445881186379571_n.jpg?stp=dst-jpg_e15_tt6&_nc_cat=105&ig_cache_key=Mzc1OTk2OTI4MjU5NjY0OTk5Mg%3D%3D.3-ccb7-5&ccb=7-5&_nc_sid=58cdad&efg=eyJ2ZW5jb2RlX3RhZyI6InhwaWRzLjY0MHgxMTM2LnNkci5DMyJ9&_nc_ohc=oVowjoXEMfIQ7kNvwEkUVSO&_nc_oc=Adk77JkRVo2KKjRM8v2hT7McLNmCUA8sKOP4L4njDT2zQqOhjPPstB1VYDtuW-dkfKBhAH6GqdABmo9OD-3mY5N1&_nc_ad=z-m&_nc_cid=0&_nc_zt=23&_nc_ht=scontent-det1-1.cdninstagram.com&_nc_gid=Z6YDW0N9Q2TvK07FVgCCdw&oh=00_AfiePlXk0i12ki5cV5l3BRm2M9V1NHnbjwjuzy4_uNk-iw&oe=69310A23;Mobil İkram aracımız ile Amasya’mızın muhtelif noktalarında değerli hemşehrilerimizle buluşmaya devam ediyoruz. 🥣  Birlikte paylaşılan her lokmanın dayanışmamızı büyüttüğüne inanıyoruz.   Tüm komşularımıza afiyet, şifa olsun. 😊;;0
https://www.instagram.com/p/DQtud_3DQfd/;Carousel;254;1;0;2025-11-06 15:08:52;https://scontent-det1-1.cdninstagram.com/v/t51.82787-15/573633987_18041422496704930_42216025576436823_n.jpg?stp=dst-jpg_e35_tt6&_nc_cat=107&ig_cache_key=Mzc1OTg2NTYyODU2ODk2MTgxOQ%3D%3D.3-ccb7-5&ccb=7-5&_nc_sid=58cdad&efg=eyJ2ZW5jb2RlX3RhZyI6InhwaWRzLjk5M3g2MjIuc2RyLkMzIn0%3D&_nc_ohc=N1IEo4wuERAQ7kNvwEVZJKu&_nc_oc=Adlwni8bSpQ5bdqvRtW70qDgZtWxZJcaIyIWHnmir6wN5I9i1KOcmdqurosh0ThmgBTd2Ig0oh20PNP8R66XIwiV&_nc_ad=z-m&_nc_cid=0&_nc_zt=23&_nc_ht=scontent-det1-1.cdninstagram.com&_nc_gid=Z6YDW0N9Q2TvK07FVgCCdw&oh=00_Afihi89cuaK4c64-bz1p9-b6CCYQLnbYArKWubXI2wRczw&oe=693114A5;Merkez İlçe Başkanımız Mehmet Önder ve yönetim kurulu üyelerini belediyemizde ağırladık.  Nazik ziyaretleri ve hoş sohbetleri dolayısıyla konuklarımıza teşekkür ediyorum.;;0
https://www.instagram.com/p/DQtqkJMjchs/;Photo;98;0;0;2025-11-06 14:34:46;https://scontent-det1-1.cdninstagram.com/v/t51.82787-15/575518970_18041419973704930_1395723616221372013_n.jpg?stp=dst-jpg_e35_tt6&_nc_cat=103&ig_cache_key=Mzc1OTg0ODQ2NTY1MzE1NTk0OA%3D%3D.3-ccb7-5&ccb=7-5&_nc_sid=58cdad&efg=eyJ2ZW5jb2RlX3RhZyI6InhwaWRzLjE0NDB4MTgzMC5zZHIuQzMifQ%3D%3D&_nc_ohc=aK96JvPN-C8Q7kNvwFufd8o&_nc_oc=Adm1eGJsGUm3j2gnMjLIOIquvXERU7maOG339rzy_WzotWfyApBdyPw1yIOfvCT-IUDb-xOgHxjsxlEmMqCPuD9b&_nc_ad=z-m&_nc_cid=0&_nc_zt=23&_nc_ht=scontent-det1-1.cdninstagram.com&_nc_gid=Z6YDW0N9Q2TvK07FVgCCdw&oh=00_AfjHFnWmJJPHSnHBVpb-2XPUwKpMUI8l86azs0jpyBTcxQ&oe=69312BB0;Kasım Ayı Meclis Toplantımızı siz değerli komşularımızla buluşturuyoruz.  Yarın ⏰ 15.00’te belediyemizin önemli gündem maddelerinin konuşulacağı oturumu @turgaysevindi ve @amasyabld05 Instagram ve YouTube hesaplarımızdan canlı olarak takip edebilirsiniz.;;0
https://www.instagram.com/p/DQtlLdUjccu/;Carousel;691;2;0;2025-11-06 13:47:42;https://scontent-det1-1.cdninstagram.com/v/t51.82787-15/573054850_18041416661704930_7654977459153071113_n.jpg?stp=dst-jpg_e35_tt6&_nc_cat=102&ig_cache_key=Mzc1OTgyNDc3Mzg1MDE1NTU4NQ%3D%3D.3-ccb7-5&ccb=7-5&_nc_sid=58cdad&efg=eyJ2ZW5jb2RlX3RhZyI6InhwaWRzLjEwNjV4NzEwLnNkci5DMyJ9&_nc_ohc=qTQZkdCakqwQ7kNvwHXLyI3&_nc_oc=AdniCAhOBBBHVRA0sUXrXNegldcXa7rZJAfskK88jRbfpRY5yRAq74qjenWhgQKN53cSqK5iQuyO7yOWlIiruJ7K&_nc_ad=z-m&_nc_cid=0&_nc_zt=23&_nc_ht=scontent-det1-1.cdninstagram.com&_nc_gid=Z6YDW0N9Q2TvK07FVgCCdw&oh=00_AfgxPvthQ9NTfwL2nZeTyyOoVSXs18hpaNtw2di2g05yOQ&oe=69311C17;Amasya Belediyesi olarak, Orta Karadeniz Kalkınma Ajansı (OKA) tarafından desteklenen “Amasya Belediyesi İçin Kültür ve Doğa Turizmi Proje Yazma ve Fon Kaynaklarına Erişim Eğitimi” projesi kapsamında protokolümüzü imzaladık.  Bu proje ile çalışma arkadaşlarımızın ve yerel paydaşlarımızın proje geliştirme, fon kaynaklarına erişim ve sürdürülebilir turizm uygulamaları konularındaki kapasitelerini güçlendirmeyi hedefliyoruz.  Kültürel mirasımızı ve doğal zenginliklerimizi koruyarak, Amasya’nın turizm potansiyelini daha etkin şekilde değerlendirmeyi amaçlıyoruz.;;0
https://www.instagram.com/p/DQqjCNBjR2M/;Photo;440;15;0;2025-11-05 09:31:14;https://scontent-det1-1.cdninstagram.com/v/t51.82787-15/573196168_18041297270704930_1894480777533886581_n.jpg?stp=dst-jpg_e35_tt6&_nc_cat=108&ig_cache_key=Mzc1ODk3MDkyMjA0NTYxMTQwNA%3D%3D.3-ccb7-5&ccb=7-5&_nc_sid=58cdad&efg=eyJ2ZW5jb2RlX3RhZyI6InhwaWRzLjE0NDB4MTgwMC5zZHIuQzMifQ%3D%3D&_nc_ohc=E5-Ata04F3YQ7kNvwF6pYzw&_nc_oc=Admbm4C_dAThtcaExQrg8Huyfk10QBQfCjtKdCcctA7Pml89puliEhnN7ApHA4YfVuSZ_aRkkl13lsgIRHRcUhFF&_nc_ad=z-m&_nc_cid=0&_nc_zt=23&_nc_ht=scontent-det1-1.cdninstagram.com&_nc_gid=Z6YDW0N9Q2TvK07FVgCCdw&oh=00_Afj6Wablg0QXTiWzp5qGSzJUOhc87qL7ard2djjzWiKpJg&oe=69312B82;Yolu sevgiden geçen herkesin #Karaoğlan’ı, uçurduğu barış güvercinleri, ahlakı ve dürüstlüğü ile siyasi tarihimizde yeri doldurulmaz izler bırakan Genel Başkanımız ve Başbakanımız #BülentEcevit’i ölüm yıl dönümünde bir kez daha saygı ve rahmetle anıyorum.;;0
https://www.instagram.com/p/DQo01gLjZCS/;Carousel;348;0;0;2025-11-04 17:28:19;https://scontent-det1-1.cdninstagram.com/v/t51.82787-15/572892634_18041235791704930_3998987450190991837_n.jpg?stp=dst-jpg_e35_tt6&_nc_cat=108&ig_cache_key=Mzc1ODQ4NjI1NzcxMTAwMzA4MA%3D%3D.3-ccb7-5&ccb=7-5&_nc_sid=58cdad&efg=eyJ2ZW5jb2RlX3RhZyI6InhwaWRzLjE0NDB4OTc5LnNkci5DMyJ9&_nc_ohc=1qhXEadkc4QQ7kNvwF07s2k&_nc_oc=AdlVv3E3VtmVnsrgwiAYHXq7_rVH7wdkRPLuYOxdCRrOXvvzA2FnaitElxB3jFA-SZ1ncTBx_Xq2jXcg8pVEAOij&_nc_ad=z-m&_nc_cid=0&_nc_zt=23&_nc_ht=scontent-det1-1.cdninstagram.com&_nc_gid=Z6YDW0N9Q2TvK07FVgCCdw&oh=00_AficSRWr9ig2d4hRvq1_YA7KOADdwrSIKojW2-WiqBY9yw&oe=693125F3;Anadolu Madencilik Olağan Genel Kurul Toplantısına katıldık.  Toplantıda alınan kararların hayırlı olmasını diliyorum.  📍Ankara;;0
https://www.instagram.com/p/DQmSsDgjQU7/;Carousel;1023;3;0;2025-11-03 17:51:27;https://scontent-det1-1.cdninstagram.com/v/t51.82787-15/572886585_18041139554704930_4672868230401451812_n.jpg?stp=dst-jpg_e35_tt6&_nc_cat=106&ig_cache_key=Mzc1Nzc3MzEyNTAxNTM3OTIwMA%3D%3D.3-ccb7-5&ccb=7-5&_nc_sid=58cdad&efg=eyJ2ZW5jb2RlX3RhZyI6InhwaWRzLjE0NDB4OTMxLnNkci5DMyJ9&_nc_ohc=0hUfbTnQ_ugQ7kNvwFYcPAN&_nc_oc=AdnJStpZle91isZP74NcgOX20I5daHN2BfQieP36m_VB8k3KvkkOBpltCxC1RAevKTYbI6zc4aDli_MS_G65SeFI&_nc_ad=z-m&_nc_cid=0&_nc_zt=23&_nc_ht=scontent-det1-1.cdninstagram.com&_nc_gid=Z6YDW0N9Q2TvK07FVgCCdw&oh=00_AfiTBD38uoXEJK6sO8ps0neL2xiUK0SVqwBYJ_m1SP8NcA&oe=69310AFF;İhsaniye Mahallesi Muhtarlığı ve Akbilek Mahallesi Muhtarlığı’nı Muhtarlık İşleri Müdürümüz Berati Kaynar ile ziyaret ettik.  Mahallelerimizin sorun, talep ve dileklerini dinleyip notlarımızı aldık, ilgili birim müdürlerimize gerekli talimatlarımızı ilettik.  Nazik ev sahiplikleri için muhtarlarımız Rabia Öztürk ve Bekir Türkmen’e teşekkür ediyorum.;;0
https://www.instagram.com/p/DQl-z8VDdFy/;Carousel;755;4;0;2025-11-03 14:57:45;https://scontent-det1-1.cdninstagram.com/v/t51.82787-15/575423904_18041124257704930_5411919312883726925_n.jpg?stp=dst-jpg_e35_tt6&_nc_cat=110&ig_cache_key=Mzc1NzY4NTcwMTAzMTU2NDcyNw%3D%3D.3-ccb7-5&ccb=7-5&_nc_sid=58cdad&efg=eyJ2ZW5jb2RlX3RhZyI6InhwaWRzLjEwNjF4NzAzLnNkci5DMyJ9&_nc_ohc=NuvJExbvTOIQ7kNvwEKwPPd&_nc_oc=Adkwp4_Ih3JgcPMtRQ3RQxu7j05u_fLZCPEefrxfK2kGhMnQrXpVWaftsc1vhJYwOquIKD7-Pv3W4FT9Pxoj6abK&_nc_ad=z-m&_nc_cid=0&_nc_zt=23&_nc_ht=scontent-det1-1.cdninstagram.com&_nc_gid=Z6YDW0N9Q2TvK07FVgCCdw&oh=00_AfjZjdVrac3A7mofBOdZlrDmqr6nX3Kc2Foz_F_IDsKUIw&oe=6931257B;"✅Bugün Göllü Bağları Mahallesi’nde yeşil alan düzenleme çalışmalarımızı yerinde inceledik. Alanda gerekli hazırlıkları tamamlayarak, yeşiliyle, doğasıyla ve yaşam alanlarıyla daha güzel bir Amasya için gayretle çalışıyoruz.  ✅Ardından, Hacılar Meydanı Mahallesi’nde, eski V Kafe olarak bilinen alanda yürüttüğümüz bakım ve onarım çalışmalarını inceledik. Bu alanda; okuma salonu, kütüphane, öğrencilerimiz için mini kafe ve öğle yemeklerinin sunulacağı modern bir yaşam alanı oluşturuyoruz.📚☕  Gençlerimizin hayallerine ilham verecek, kültür ve dostluğun buluşma noktası olacak bu mekanda sona yaklaşıyoruz.⏳  Her adımda daha yaşanabilir, daha güzel bir #Amasya için durmadan çalışmaya devam edeceğiz. 🌿✨  #işimizgücümüzamasya🫶";;0
https://www.instagram.com/p/DQjPsYwDW3B/;Carousel;268;0;0;2025-11-02 13:27:33;https://scontent-fra3-1.cdninstagram.com/v/t51.82787-15/572490187_18041013047704930_8119167799939577164_n.jpg?stp=dst-jpg_e35_tt6&_nc_cat=105&ig_cache_key=Mzc1NjkxNTUyODU0NDYyNzI4NA%3D%3D.3-ccb7-5&ccb=7-5&_nc_sid=58cdad&efg=eyJ2ZW5jb2RlX3RhZyI6InhwaWRzLjE0NDB4OTU5LnNkci5DMiJ9&_nc_ohc=0HwM4ceoGj8Q7kNvwGWK3ff&_nc_oc=AdmmBPQCLhJvNuII1MFflb5vYgdYqpl6ltek-t4PKqIbfimzLjamPcVMH-Cv4RwwIEw&_nc_ad=z-m&_nc_cid=1005&_nc_zt=23&_nc_ht=scontent-fra3-1.cdninstagram.com&_nc_gid=zDCBXYBH04U4B-mSqczw6A&oh=00_AfjiM9CCZoHnQwCtJtePzbckDPaKJv0k7KyaUgCVQQXU0g&oe=6931029E;İyi Parti 4. Olağan İl Kongresi’ne, İl Başkanımız İlker Küp ile birlikte katıldık.   Kongrenin hayırlı olmasını temenni ediyor, görev alacak yönetime başarılar diliyoruz.;;0
https://www.instagram.com/p/DQjJQKnDX7T/;Photo;144;0;0;2025-11-02 12:31:16;https://scontent-fra3-2.cdninstagram.com/v/t51.82787-15/572398627_18041009726704930_1554702463974931716_n.jpg?stp=dst-jpg_e35_tt6&_nc_cat=104&ig_cache_key=Mzc1Njg4NzIwNzQ3OTk2NzQ0Mw%3D%3D.3-ccb7-5&ccb=7-5&_nc_sid=58cdad&efg=eyJ2ZW5jb2RlX3RhZyI6InhwaWRzLjE0NDB4MTgwMC5zZHIuQzMifQ%3D%3D&_nc_ohc=BJX9tGvNkaYQ7kNvwEQWKDX&_nc_oc=AdmwnFsheoNs2FR-RD5KvCSG24dgcaFsi_qXH75Z_O6jPDcCqz70DjFjG0_iY1ZnumI&_nc_ad=z-m&_nc_cid=1005&_nc_zt=23&_nc_ht=scontent-fra3-2.cdninstagram.com&_nc_gid=zDCBXYBH04U4B-mSqczw6A&oh=00_AfiFQ1fGKKnqAOmSpwunZk5IFJoLDMD4DJ8gmp1_yeebmw&oe=693125D6;#LösemiliÇocuklarHaftası’nda, yaşam mücadelesini büyük bir cesaretle sürdüren evlatlarımızı sevgiyle kucaklıyorum. Her biri, umudun ve direncin en saf halini bize hatırlatan küçük kahramanlar.   Çocuklarımıza ve ailelerine acil şifalar temenni ediyor, tüm vatandaşlarımızı LÖSEV’e destek olmaya davet ediyorum. 🧡  @losev1998;;0
https://www.instagram.com/p/DQhZPoADQbb/;Carousel;251;0;0;2025-11-01 20:12:31;https://scontent-fra5-2.cdninstagram.com/v/t51.82787-15/573308965_18040941446704930_8798198047987986317_n.jpg?stp=dst-jpg_e35_tt6&_nc_cat=107&ig_cache_key=Mzc1NjM5NDU4MDE4Mzc0MDIyMg%3D%3D.3-ccb7-5&ccb=7-5&_nc_sid=58cdad&efg=eyJ2ZW5jb2RlX3RhZyI6InhwaWRzLjE0NDB4ODk5LnNkci5DMyJ9&_nc_ohc=PJxD84I-uq8Q7kNvwEW_1kI&_nc_oc=AdmWJpEaK2Q0Xk0Y6y4qgDdPmWNnpmA_NfN3Ph5v4whTLWRhd4DJ6zvaPLEUXET8KHo&_nc_ad=z-m&_nc_cid=1005&_nc_zt=23&_nc_ht=scontent-fra5-2.cdninstagram.com&_nc_gid=zDCBXYBH04U4B-mSqczw6A&oh=00_AfjkNHcPn2B1APywuCGButISHEKQXdqPkBfdAFFCVlItbQ&oe=6930FF91;Yeniden Refah Partisi 2. Olağan Kongresi’ne, İl Başkanımız İlker Küp, Merkez İlçe Başkanımız Mehmet Önder ve Meclis Grup Başkanvekilimiz A. Rasim Seven ile birlikte katıldık.   Kongrenin hayırlı olmasını temenni ediyor, görev alacak yönetime başarılar diliyoruz.;;0
https://www.instagram.com/p/DQhSqBzDe5S/;Photo;142;0;0;2025-11-01 19:14:58;https://scontent-fra5-1.cdninstagram.com/v/t51.82787-15/573224899_18040936028704930_694715135643141991_n.jpg?stp=dst-jpg_e35_tt6&_nc_cat=110&ig_cache_key=Mzc1NjM2NTYxNzE4OTIxOTkyMg%3D%3D.3-ccb7-5&ccb=7-5&_nc_sid=58cdad&efg=eyJ2ZW5jb2RlX3RhZyI6InhwaWRzLjE0NDB4MTgwMC5zZHIuQzMifQ%3D%3D&_nc_ohc=rdmXe1JEaDoQ7kNvwE8ihXz&_nc_oc=Adn0IFluHQ3qT_yYpQbrmm7tMy-W7hrlwZ9IgQX5jVQdWKgXWIalugDVt80avsheP4g&_nc_ad=z-m&_nc_cid=1005&_nc_zt=23&_nc_ht=scontent-fra5-1.cdninstagram.com&_nc_gid=zDCBXYBH04U4B-mSqczw6A&oh=00_AfhRXAgc58572MdJx2kW5YKZw92l7QWdFW5hj1-Af9fQGA&oe=69312670;Gençlerimize ulaşım desteğiyle, yolu da yükü de hafifletiyoruz.💙  Örgün öğrenim gören ön lisans ve lisans öğrencilerine, Kasım – Haziran aylarını kapsayan 8 aylık süre boyunca, toplamda 1.000 öğrenciye aylık 40.000 binişlik ulaşım desteği sağlanacaktır.  📍 Başvurular, Sosyal Yardım İşleri Müdürlüğümüze şahsen yapılacaktır. 🗓️ Başvuru Tarihleri: 3 Kasım – 13 Kasım 👥 Kontenjan: Sınırlı sayıda olup 1.000 kişiyle sınırlıdır.  Eğitime ve öğrencilerimize destek olmaya devam ediyoruz. 🌸  #işimizgücümüzamasya🫶;;0
https://www.instagram.com/p/DQg3_VJDXEo/;Carousel;530;0;0;2025-11-01 15:21:56;https://scontent-fra3-2.cdninstagram.com/v/t51.82787-15/573867347_18040911995704930_3534935778858330182_n.jpg?stp=dst-jpg_e35_tt6&_nc_cat=104&ig_cache_key=Mzc1NjI0ODMxODUxMTc3NjIyNw%3D%3D.3-ccb7-5&ccb=7-5&_nc_sid=58cdad&efg=eyJ2ZW5jb2RlX3RhZyI6InhwaWRzLjE0NDB4ODU1LnNkci5DMyJ9&_nc_ohc=5HlicYLgi4kQ7kNvwFrBk74&_nc_oc=Adli_h3HFIQdyw3q-oo1wDby1QCF0VWgo9xBF_u88_4sql8pgI2yiW8YSY0m5jbCOt4&_nc_ad=z-m&_nc_cid=1005&_nc_zt=23&_nc_ht=scontent-fra3-2.cdninstagram.com&_nc_gid=zDCBXYBH04U4B-mSqczw6A&oh=00_AfhcG3QOEajHyBWjIs5v7mvZbgZCLFF3uYtWtAN7w4uN6A&oe=6930F96D;"TOBB Kadın Girişimciler Kurulu’nun düzenlediği “Fark Yaratan Kadınlar ve Fark Yaratan Adımlar” etkinliğine katıldık.  Üreten, ilham veren, cesaretiyle yol açan ve toplumsal gelişime değer katan tüm kadınları yürekten kutluyor; bu anlamlı etkinliği düzenleyen ve emeği geçen herkese teşekkür ediyoruz.";;0
https://www.instagram.com/p/DQgQclljTUl/;Photo;325;5;0;2025-11-01 09:36:25;https://scontent-fra5-2.cdninstagram.com/v/t51.82787-15/572235423_18040885274704930_6991444770925586320_n.jpg?stp=dst-jpg_e35_tt6&_nc_cat=107&ig_cache_key=Mzc1NjA3NDQyMjQ3NDk3ODU5Nw%3D%3D.3-ccb7-5&ccb=7-5&_nc_sid=58cdad&efg=eyJ2ZW5jb2RlX3RhZyI6InhwaWRzLjE0NDB4MTgwMC5zZHIuQzMifQ%3D%3D&_nc_ohc=re5ILfE7iEMQ7kNvwEFPLSz&_nc_oc=AdnzguGwERwlIwrRq1JibF249M74Ekcc7eKLE3bUOmZ-gTt9xR6tdjcKouLtP_i5J9U&_nc_ad=z-m&_nc_cid=1005&_nc_zt=23&_nc_ht=scontent-fra5-2.cdninstagram.com&_nc_gid=zDCBXYBH04U4B-mSqczw6A&oh=00_AfiTz3LVR42m78o384XwhHHKmYijmP9_qdkFr-xdhzvmkg&oe=69312675;Cumhuriyetimizin 102. yılında, #SaltanatınKaldırılması ve #HarfDevrimi adımlarıyla çağdaş uygarlık yolundaki düşünceleri, gelecek öngörüsü ve eserleriyle hem bugünümüze hem de geleceğimize ışık tutan Cumhuriyetimizin kurucusu Gazi Mustafa Kemal Atatürk’ü saygı ve minnetle anıyorum.  #CumhuriyetDevrimleri kutlu olsun!🇹🇷;;0
https://www.instagram.com/p/DQe-YhkjXo0/;Carousel;764;0;0;2025-10-31 21:39:20;https://scontent-fra5-2.cdninstagram.com/v/t51.82787-15/572619648_18040835114704930_7007489820277928763_n.jpg?stp=dst-jpg_e35_tt6&_nc_cat=109&ig_cache_key=Mzc1NTcxMzQ5MDEzMzU1MjI2MA%3D%3D.3-ccb7-5&ccb=7-5&_nc_sid=58cdad&efg=eyJ2ZW5jb2RlX3RhZyI6InhwaWRzLjEyMDB4OTAwLnNkci5DMyJ9&_nc_ohc=WtOPSLIPfvEQ7kNvwGFa95f&_nc_oc=AdlrlAGcbBZ8Jj6UG-RMkT7wvv0ypGP_dPZnpSGqRq_-SgqVoBFpuW6r3UCFJrruifs&_nc_ad=z-m&_nc_cid=1005&_nc_zt=23&_nc_ht=scontent-fra5-2.cdninstagram.com&_nc_gid=zDCBXYBH04U4B-mSqczw6A&oh=00_Afj8jXeeqOkFWYF2j-rYhMaigXf87Hvf_qEMIFs2_30Dcg&oe=69310AF6;Cumhuriyetimizin 102. yılı vesilesiyle Gümüşhacıköy Atatürkçü Düşünce Derneği tarafından düzenlenen Cumhuriyet Balosu’na katıldık.  Ulu Önderimiz Gazi Mustafa Kemal Atatürk’ün bizlere miras bıraktığı bu kutsal emanetin gururunu taşırken, onun değerlerini yaşatmanın ve gelecek nesillere aktarmanın sorumluluğunu yüreklerimizde hissediyoruz.  Cumhuriyetimizin 102. yılı kutlu olsun!🇹🇷;;0
https://www.instagram.com/p/DQe3zWAjZom/;Reels;5795;78;158279;2025-10-31 20:44:05;https://scontent-fra5-1.cdninstagram.com/v/t51.71878-15/572131650_790526113980601_4916178816519585753_n.jpg?stp=dst-jpg_e15_tt6&_nc_cat=100&ig_cache_key=Mzc1NTY4NDU2MDE1NjU5Njc3NA%3D%3D.3-ccb7-5&ccb=7-5&_nc_sid=58cdad&efg=eyJ2ZW5jb2RlX3RhZyI6InhwaWRzLjY0MHgxMTM2LnNkci5DMyJ9&_nc_ohc=sHr4a_ECO0wQ7kNvwFH4bjQ&_nc_oc=Adl8WTYRwcLgywo-IG2occtI61_2TpxR1a7om89hAQYPDV5tBFc8bVXBGUiwNfth4GY&_nc_ad=z-m&_nc_cid=1005&_nc_zt=23&_nc_ht=scontent-fra5-1.cdninstagram.com&_nc_gid=zDCBXYBH04U4B-mSqczw6A&oh=00_AfjxzseWAKaplcC7hUPtwqg6IU0ksy9fasM_AkWJUQOR1g&oe=6930F818;Her köşesi huzur, her adımı samimiyetle dolu bu şehrin… Bir selam, sıcacık bir tebessüm.😊  Birlikte gülüyoruz, birlikte dertleşiyoruz, birlikte umut büyütüyoruz.  Amasya’mızın kalbinde, hemşehrilerimizin her an yanındayız.  #işimizgücümüzamasya🫶;;0
https://www.instagram.com/p/DQexRyZDQzY/;Photo;189;1;0;2025-10-31 19:44:49;https://scontent-fra3-1.cdninstagram.com/v/t51.82787-15/575700745_18040824569704930_174242010576802287_n.jpg?stp=dst-jpg_e35_tt6&_nc_cat=103&ig_cache_key=Mzc1NTY1NTg2NTg5MTA5NzgxNg%3D%3D.3-ccb7-5&ccb=7-5&_nc_sid=58cdad&efg=eyJ2ZW5jb2RlX3RhZyI6InhwaWRzLjEzMjB4NzY3LnNkci5DMyJ9&_nc_ohc=kTWAwYD_YCUQ7kNvwH7o6iy&_nc_oc=AdnUxlJqfPGFyUXZwxFReS_3Td-lHrFUbFmF3Ze_wHN4zHyjekgIIvLUeC9L6Hklcbk&_nc_ad=z-m&_nc_cid=1005&_nc_zt=23&_nc_ht=scontent-fra3-1.cdninstagram.com&_nc_gid=zDCBXYBH04U4B-mSqczw6A&oh=00_AfjAMiAhlKXS6zUFf3A3r3nxKMxDmwpBO-bJqerIlGs3hw&oe=6930FE39;Amasya Madeni Eşya Sanatkarları Esnaf Odası Başkan Adayı Vahdet Ayan ve beraberindekileri belediyemizde ağırladık.  Nazik ziyaretleri ve hoş sohbetleri dolayısıyla kendilerine teşekkür ediyorum.;;0
https://www.instagram.com/p/DQehCLojZ8b/;Reels;1555;25;84887;2025-10-31 17:23:43;https://scontent-fra5-1.cdninstagram.com/v/t51.82787-15/572269954_18040822481704930_5496936510093113486_n.jpg?stp=dst-jpg_e15_tt6&_nc_cat=100&ig_cache_key=Mzc1NTU4NDQyNDczODkyMjI2NzE4MDQwODIyNDc4NzA0OTMw.3-ccb7-5&ccb=7-5&_nc_sid=58cdad&efg=eyJ2ZW5jb2RlX3RhZyI6InhwaWRzLjcyMHgxMjgwLnNkci5DMyJ9&_nc_ohc=SWg6ky9b1g8Q7kNvwEvTHnL&_nc_oc=Adm-hTGjy8Hc0oL2QcHeABg8ahtN9WaT7fpvmMvcdRT27-G4Si15m4EuI-fWrUQecE4&_nc_ad=z-m&_nc_cid=1005&_nc_zt=23&_nc_ht=scontent-fra5-1.cdninstagram.com&_nc_gid=zDCBXYBH04U4B-mSqczw6A&oh=00_AfiIKAflhUkPjsmOTWWWtv4_0YwWFPj10DxPYehPXCTK3w&oe=69312CE0;Amasya’nın kalbinde gençlik, gençliğin yanında biz varız. ♥️🎓  Örgün öğrenim gören ön lisans ve lisans öğrencilerine, Kasım – Haziran aylarını kapsayan 8 aylık süre boyunca, toplamda 1.000 öğrenciye aylık 40.000 binişlik ulaşım desteği sağlanacaktır.  📍 Başvurular, Sosyal Yardım İşleri Müdürlüğümüze şahsen yapılacaktır. 🗓️ Başvuru Tarihleri: 3 Kasım – 13 Kasım 👥 Kontenjan: Sınırlı sayıda olup 1.000 kişiyle sınırlıdır.  Eğitime ve öğrencilerimize destek olmaya devam ediyoruz. 🌸  #işimizgücümüzamasya🫶;;0
https://www.instagram.com/p/DQeRa1TDQvb/;Carousel;496;1;0;2025-10-31 15:06:26;https://scontent-fra3-1.cdninstagram.com/v/t51.82787-15/573814599_18040796219704930_6940348022286582662_n.jpg?stp=dst-jpg_e35_tt6&_nc_cat=101&ig_cache_key=Mzc1NTUxNTc0NDQyODYxMDA0OA%3D%3D.3-ccb7-5&ccb=7-5&_nc_sid=58cdad&efg=eyJ2ZW5jb2RlX3RhZyI6InhwaWRzLjE0NDB4MTA1NC5zZHIuQzMifQ%3D%3D&_nc_ohc=HsllEthfmG4Q7kNvwEFxps2&_nc_oc=Adm_XoZMdI3Mdq1BWHOCKvH8l-pZfYx5Fi3m2TT1aMhwkzIt-eXOqrtdmCAvWrcqVl4&_nc_ad=z-m&_nc_cid=1005&_nc_zt=23&_nc_ht=scontent-fra3-1.cdninstagram.com&_nc_gid=zDCBXYBH04U4B-mSqczw6A&oh=00_AfjLlZ3gtP9xYxapUiesFZCJV2Js8UTxaDhrsxnKaekcxA&oe=69311DD5;Bugün “Mağrifetli Eller” işletmesinin açılışını gerçekleştirdik. ✂️  Emeğin, üretkenliğin ve kadın girişimciliğinin güzel örneklerinden biri olan işletmenin Ziyaret Beldemize hayırlı olmasını diliyor, bereketli kazançlar temenni ediyorum.;;0
https://www.instagram.com/p/DQeP4nZDRBf/;Photo;265;0;0;2025-10-31 14:53:01;https://scontent-fra5-1.cdninstagram.com/v/t51.82787-15/572652951_18040794764704930_7328407230484102583_n.jpg?stp=dst-jpg_e35_tt6&_nc_cat=100&ig_cache_key=Mzc1NTUwOTAwMDU1ODE1MzgyMw%3D%3D.3-ccb7-5&ccb=7-5&_nc_sid=58cdad&efg=eyJ2ZW5jb2RlX3RhZyI6InhwaWRzLjE0NDB4OTk3LnNkci5DMyJ9&_nc_ohc=CwDvb2KqCFEQ7kNvwFJtOPO&_nc_oc=AdkDf88XZ9AX1n7jN945sF4skivdxYr2HHUryAuYADk-AFXM_i3nppi82Xl104JVA8A&_nc_ad=z-m&_nc_cid=1005&_nc_zt=23&_nc_ht=scontent-fra5-1.cdninstagram.com&_nc_gid=zDCBXYBH04U4B-mSqczw6A&oh=00_AfjD9orcIAWajrjtH5WCzk732NJmPZrHDiINbCpAnfVpPA&oe=69311BEA;Ziyaret Belediye Başkanı Ahmet Kemal Dayıoğlu’nu, Milletvekilimiz Reşat Karagöz ve Meclis Üyemiz Emre İşeri ile birlikte ziyaret ettik.  Nazik konukseverlikleri ve hoş sohbetleri için kendisine teşekkür ediyorum.;;0
https://www.instagram.com/p/DQeFIQKDf3Q/;Carousel;235;0;0;2025-10-31 13:19:02;https://scontent.cdninstagram.com/v/t51.82787-15/574275987_18040787924704930_2378722845373010201_n.jpg?stp=dst-jpg_e35_tt6&_nc_cat=107&ig_cache_key=Mzc1NTQ2MTY4ODIyMTg4NDQ4Nw%3D%3D.3-ccb7-5&ccb=7-5&_nc_sid=58cdad&efg=eyJ2ZW5jb2RlX3RhZyI6InhwaWRzLjE0NDB4OTI4LnNkci5DMyJ9&_nc_ohc=Ox7fV7BtRWAQ7kNvwHKkF9g&_nc_oc=Adm1DEhNK_9MTKy1hBghTFyrUAZC0sNWnBkd7RQnmKXnF7rJKuOknbd9ZaIQEZlq9Uc&_nc_ad=z-m&_nc_cid=1340&_nc_zt=23&_nc_ht=scontent.cdninstagram.com&_nc_gid=juj1nUQH9AUZhxPVNa8VOA&oh=00_Afimofgm5s1pbEiqoCeHTkkF_cXj4LCN1LeEoef7Fa4tLQ&oe=69311ED4;"Cumhuriyet Halk Partisi İl Başkanımız İlker Küp ve yönetim kurulu üyelerini belediyemizde ağırladık.  Birlik, dayanışma ve hizmet anlayışıyla; Amasya’mız için omuz omuza çalışmaya, aydınlık yarınlara birlikte yürümeye devam edeceğiz.  Nazik ziyaretleri ve samimi sohbetleri için kendilerine teşekkür ediyorum.";;0
https://www.instagram.com/p/DQdpmdEDXOi/;Photo;214;3;0;2025-10-31 09:18:29;https://scontent.cdninstagram.com/v/t51.82787-15/572353577_18040771604704930_2485893971387125881_n.jpg?stp=dst-jpg_e35_tt6&_nc_cat=110&ig_cache_key=Mzc1NTM0MDYyNjc1MDQzNjI1OA%3D%3D.3-ccb7-5&ccb=7-5&_nc_sid=58cdad&efg=eyJ2ZW5jb2RlX3RhZyI6InhwaWRzLjE0NDB4MTgwMC5zZHIuQzMifQ%3D%3D&_nc_ohc=vMNscZp9sLoQ7kNvwFyLoH4&_nc_oc=AdnWSC3KlcYPgF_pYxDV47XbBWLYwtRkoKJR12sP4hI35tELtCflch2R3jZ5ufL004s&_nc_ad=z-m&_nc_cid=1340&_nc_zt=23&_nc_ht=scontent.cdninstagram.com&_nc_gid=juj1nUQH9AUZhxPVNa8VOA&oh=00_AfgjzZOogjjBAJiMktPCgennrE_5L_aeIPFkFla7SmlTfw&oe=69310FC5;"Nezaketi, dürüstlüğü ve mütevaziliği ile siyaset tarihimizde iz bırakmış; saygıdeğer bilim insanı Onursal Genel Başkanımız #Erdalİnönü’yü vefatının 18’inci yıl dönümünde saygı ve özlemle anıyorum.";;0
